route_pair,origin_iata,destination_iata,origin_city,destination_city,origin_country,destination_country,origin_latitude,origin_longitude,destination_latitude,destination_longitude,air_distance_km,airline_count,airlines,equipment
FRA-MAD,FRA,MAD,Frankfurt am Main,Madrid,DE,ES,50.026706,8.55835,40.493407,-3.572249,1419.5,8,"AB,AY,ET,IB,LA,LH,UX,VN","321 319 32A,32A,32A 321 319 320,32S,738,787,E90"
MAD-FRA,MAD,FRA,Madrid,Frankfurt am Main,ES,DE,40.493407,-3.572249,50.026706,8.55835,1419.5,8,"AB,AY,ET,IB,LA,LH,UX,VN","321 320,321 32A 319 320,32A,32S,738,787,E90"
PRG-FCO,PRG,FCO,Prague,Rome,CZ,IT,50.100874,14.259911,41.804532,12.251998,935.4,7,"AZ,IB,OK,QS,U2,VY,W6","319,320,32S,738 320 319,73G 319 738"
FCO-PRG,FCO,PRG,Rome,Prague,IT,CZ,41.804532,12.251998,50.100874,14.259911,935.4,7,"AZ,IB,OK,QS,U2,VY,W6","319,320,32S,738 320 319,73G 319 738"
MAD-OPO,MAD,OPO,Madrid,Porto,ES,PT,40.493407,-3.572249,41.2481002808,-8.68138980865,437.6,6,"FR,IB,S4,TG,TP,US","738,CRK CR9,ER4"
OPO-MAD,OPO,MAD,Porto,Madrid,PT,ES,41.2481002808,-8.68138980865,40.493407,-3.572249,437.6,6,"FR,IB,S4,TG,TP,US","738,CRK CR9,ER4"
MAD-LIS,MAD,LIS,Madrid,Lisbon,ES,PT,40.493407,-3.572249,38.7813,-9.13592,512.9,6,"IB,S4,TP,U2,US,UX","100 ER4 319 320,319,319 ER4 100,321 320 319,ER4,ER4 319 320 100"
LIS-MAD,LIS,MAD,Lisbon,Madrid,PT,ES,38.7813,-9.13592,40.493407,-3.572249,512.9,6,"IB,S4,TP,U2,US,UX","319,319 ER4 100,320 321 319,ER4,ER4 100 319,ER4 319 320 100"
CPH-OSL,CPH,OSL,Copenhagen,Oslo (Gardermoen),DK,NO,55.617900848389,12.656000137329,60.193901,11.1004,517.0,6,"AC,DY,LH,PK,SK,UA","320 321 73H 73G 738 319 73W 736,321,321 738 320,738,73H 733,777"
VIE-ZRH,VIE,ZRH,Vienna,Zurich,AT,CH,48.110298,16.5697,47.458056,8.548056,603.4,6,"AB,HG,KE,LX,OS,RJ","320,320 32A 319 321 AR1,321 E90 320,77W"
CPH-AMS,CPH,AMS,Copenhagen,Amsterdam,DK,NL,55.617900848389,12.656000137329,52.308601,4.76389,633.4,6,"AC,AZ,DY,KL,MU,SK","319,320 319 321 CR9,737,737 EMJ,737 EMJ F70,73H"
AMS-CPH,AMS,CPH,Amsterdam,Copenhagen,NL,DK,52.308601,4.76389,55.617900848389,12.656000137329,633.4,6,"AC,AZ,DY,KL,MU,SK","319 321,320 319 321 CR9,737 E90,737 EMJ,73H,EMJ 737 F70"
BCN-LGW,BCN,LGW,Barcelona,London,ES,GB,41.2971,2.07846,51.148744,-0.185739,1109.1,6,"BA,DY,IB,U2,VY,ZB","319 320,319 734 320,320,320 319 734,321 752,73H"
LGW-BCN,LGW,BCN,London,Barcelona,GB,ES,51.148744,-0.185739,41.2971,2.07846,1109.1,6,"BA,DY,IB,U2,VY,ZB","319 320,319 320 734,319 734 320,320,321 752,73H"
MUC-MAN,MUC,MAN,Munich,"Manchester, Greater Manchester",DE,GB,48.353802,11.7861,53.349375,-2.279521,1130.1,6,"LH,SA,SQ,U2,VA,VS","319,319 320,77W"
MAN-MUC,MAN,MUC,"Manchester, Greater Manchester",Munich,GB,DE,53.349375,-2.279521,48.353802,11.7861,1130.1,6,"LH,SA,SQ,U2,VA,VS","319,319 320,320 319,77W"
BRU-FCO,BRU,FCO,Zaventem,Rome,BE,IT,50.901402,4.48444,41.804532,12.251998,1172.6,6,"AZ,FR,HU,IB,SN,VY","320,320 319,32S 320 319,738"
FCO-BRU,FCO,BRU,Rome,Zaventem,IT,BE,41.804532,12.251998,50.901402,4.48444,1172.6,6,"AZ,FR,HU,IB,SN,VY","319,319 320,320,32S 320 319,738"
PMI-LGW,PMI,LGW,Palma de Mallorca,London,ES,GB,39.551701,2.73881,51.148744,-0.185739,1309.3,6,"DY,TCX,TO,TOM,U2,ZB","319 320,321,321 752,73H,73H 75W"
LGW-PMI,LGW,PMI,London,Palma de Mallorca,GB,ES,51.148744,-0.185739,39.551701,2.73881,1309.3,6,"DY,TCX,TO,TOM,U2,ZB","319 320,321,321 752,73H,73H 75W"
VIE-BCN,VIE,BCN,Vienna,Barcelona,AT,ES,48.110298,16.5697,41.2971,2.07846,1369.7,6,"AB,CA,HG,IB,OS,VY","320,320 321,321 320,333"
BCN-VIE,BCN,VIE,Barcelona,Vienna,ES,AT,41.2971,2.07846,48.110298,16.5697,1369.7,6,"AB,CA,HG,IB,OS,VY","320,320 321,321 320,333"
ALC-LGW,ALC,LGW,Alicante,London,ES,GB,38.2822,-0.558156,51.148744,-0.185739,1431.0,6,"BA,DY,IB,TO,U2,ZB","319 320,319 734,321 752,73H,75W"
LGW-ALC,LGW,ALC,London,Alicante,GB,ES,51.148744,-0.185739,38.2822,-0.558156,1431.0,6,"BA,DY,IB,TO,U2,ZB","319 320,319 734,321 752,73H,75W"
LHR-ARN,LHR,ARN,London,Stockholm,GB,SE,51.470748,-0.459909,59.64849,17.928829,1462.7,6,"AA,AY,BA,IB,SK,TG","321 319 767 320,73W 736 73H,73W 73H 736 73G 717"
ARN-LHR,ARN,LHR,Stockholm,London,SE,GB,59.64849,17.928829,51.470748,-0.459909,1462.7,6,"AA,AY,BA,IB,SK,TG","320 321 319,320 321 319 767,73W 736,73W 73H 736 73G 717"
MUC-MAD,MUC,MAD,Munich,Madrid,DE,ES,48.353802,11.7861,40.493407,-3.572249,1496.0,6,"AB,IB,LH,LY,SK,UX","319 320 321,321,321 320 319,738,E90"
VIE-MUC,VIE,MUC,Vienna,Munich,AT,DE,48.110298,16.5697,48.353802,11.7861,355.3,5,"AB,HG,LH,OS,RJ","320 E95 319 100 CR9 F70,E90,E95 319"
MUC-VIE,MUC,VIE,Munich,Vienna,DE,AT,48.353802,11.7861,48.110298,16.5697,355.3,5,"AB,HG,LH,OS,RJ","E90,E95 319 CR9,E95 320 319 100 CR9 F70"
LHR-AMS,LHR,AMS,London,Amsterdam,GB,NL,51.470748,-0.459909,52.308601,4.76389,370.3,5,"AA,BA,CI,KL,MU","320 319 321,737,737 F70,737 F70 EMJ,767 320 319 321"
AMS-LHR,AMS,LHR,Amsterdam,London,NL,GB,52.308601,4.76389,51.470748,-0.459909,370.3,5,"AA,BA,CI,KL,MU","320 767 319 321,320 767 321 319,737 F70,737 F70 EMJ,F70"
HAM-AMS,HAM,AMS,Hamburg,Amsterdam,DE,NL,53.630402,9.98823,52.308601,4.76389,379.4,5,"4U,AZ,DL,EW,KL","737 E90 F70 EMJ,737 EMJ,737 EMJ F70,CRJ"
HEL-ARN,HEL,ARN,Helsinki (Vantaa),Stockholm,FI,SE,60.318363,24.963341,59.64849,17.928829,398.1,5,"AY,CA,DY,ET,SK","319 320,717,717 73W AT7,73H"
ARN-HEL,ARN,HEL,Stockholm,Helsinki (Vantaa),SE,FI,59.64849,17.928829,60.318363,24.963341,398.1,5,"AY,CA,DY,ET,SK","319 320,717,717 73W AT7,73H"
ZRH-VIE,ZRH,VIE,Zurich,Vienna,CH,AT,47.458056,8.548056,48.110298,16.5697,603.4,5,"AB,HG,LX,OS,RJ","321 E90,321 E90 320,32A 319 321 320 AR1,32A 320 319 321 AR1"
VIE-FRA,VIE,FRA,Vienna,Frankfurt am Main,AT,DE,48.110298,16.5697,50.026706,8.55835,620.9,5,"AB,ET,HG,LH,OS","321,321 320 319,E90 320"
FRA-VIE,FRA,VIE,Frankfurt am Main,Vienna,DE,AT,50.026706,8.55835,48.110298,16.5697,620.9,5,"AB,ET,HG,LH,OS","321,321 320 319,E90 320"
VIE-FLR,VIE,FLR,Vienna,Firenze (FI),AT,IT,48.110298,16.5697,43.808558,11.202822,632.9,5,"AB,AY,HG,IG,OS","320,DH4,DH4 F70"
FLR-VIE,FLR,VIE,Firenze (FI),Vienna,IT,AT,43.808558,11.202822,48.110298,16.5697,632.9,5,"AB,AY,HG,IG,OS","320,DH4,DH4 F70"
VIE-MXP,VIE,MXP,Vienna,Ferno (VA),AT,IT,48.110298,16.5697,45.6306,8.72811,656.4,5,"AB,HG,IG,OS,RJ","319 320 100,320,E90"
MXP-VIE,MXP,VIE,Ferno (VA),Vienna,IT,AT,45.6306,8.72811,48.110298,16.5697,656.4,5,"AB,HG,IG,OS,RJ","320,320 319 100,E90"
VIE-FCO,VIE,FCO,Vienna,Rome,AT,IT,48.110298,16.5697,41.804532,12.251998,778.8,5,"AB,AZ,HG,IG,OS","319 E90 E75,320,320 100 319,320 E90 321,E90"
FCO-VIE,FCO,VIE,Rome,Vienna,IT,AT,41.804532,12.251998,48.110298,16.5697,778.8,5,"AB,AZ,HG,IG,OS","319 E90 E75,320,320 100 319,320 E90 321,E90"
TIA-VRN,TIA,VRN,Rinas,Caselle (VR),AL,IT,41.4147,19.7206,45.394955,10.887303,839.0,5,"AP,AZ,BV,IG,JN","320,737"
VRN-TIA,VRN,TIA,Caselle (VR),Rinas,IT,AL,45.394955,10.887303,41.4147,19.7206,839.0,5,"AP,AZ,BV,IG,JN","320,737"
PRG-CDG,PRG,CDG,Prague,"Paris (Roissy-en-France, Val-d'Oise)",CZ,FR,50.100874,14.259911,49.00896,2.554117,852.2,5,"AF,AZ,OK,QS,U2","319,319 73G 738,320 319,321 320 32A"
CDG-PRG,CDG,PRG,"Paris (Roissy-en-France, Val-d'Oise)",Prague,FR,CZ,49.00896,2.554117,50.100874,14.259911,852.2,5,"AF,AZ,OK,QS,U2","319,319 73G 738,320 319,321 320 32A"
BCN-CDG,BCN,CDG,Barcelona,"Paris (Roissy-en-France, Val-d'Oise)",ES,FR,41.2971,2.07846,49.00896,2.554117,858.3,5,"AF,IB,U2,UX,VY","319,320,320 319,321 32A 318 320,32S"
CDG-BCN,CDG,BCN,"Paris (Roissy-en-France, Val-d'Oise)",Barcelona,FR,ES,49.00896,2.554117,41.2971,2.07846,858.3,5,"AF,IB,U2,UX,VY","319,320,320 319,321 32A 318 320,32S"
EDI-CDG,EDI,CDG,Edinburgh,"Paris (Roissy-en-France, Val-d'Oise)",GB,FR,55.950145,-3.372288,49.00896,2.554117,869.2,5,"AF,AZ,BE,KQ,U2","319,AR8,ARJ"
VIE-CPH,VIE,CPH,Vienna,Copenhagen,AT,DK,48.110298,16.5697,55.617900848389,12.656000137329,876.6,5,"AB,AY,HG,OS,RJ","320 100 319,E90"
CPH-VIE,CPH,VIE,Copenhagen,Vienna,DK,AT,55.617900848389,12.656000137329,48.110298,16.5697,876.6,5,"AB,AY,HG,OS,RJ","319 320 100,E90"
BCN-OPO,BCN,OPO,Barcelona,Porto,ES,PT,41.2971,2.07846,41.2481002808,-8.68138980865,898.7,5,"FR,IB,S4,TP,VY","320,738,ER4"
OPO-BCN,OPO,BCN,Porto,Barcelona,PT,ES,41.2481002808,-8.68138980865,41.2971,2.07846,898.7,5,"FR,IB,S4,TP,VY","320,738,ER4"
TIA-MXP,TIA,MXP,Rinas,Ferno (VA),AL,IT,41.4147,19.7206,45.6306,8.72811,1001.4,5,"AP,AZ,BV,IG,JN","320,737"
MXP-TIA,MXP,TIA,Ferno (VA),Rinas,IT,AL,45.6306,8.72811,41.4147,19.7206,1001.4,5,"AP,AZ,BV,IG,JN","320,737"
FRA-BEG,FRA,BEG,Frankfurt am Main,Belgrade,DE,RS,50.026706,8.55835,44.818401,20.309099,1055.0,5,"AB,EY,JU,LH,SK","319,320 32A 319 321"
BEG-FRA,BEG,FRA,Belgrade,Frankfurt am Main,RS,DE,44.818401,20.309099,50.026706,8.55835,1055.0,5,"AB,EY,JU,LH,SK","319,320 32A 319 321"
BRU-BCN,BRU,BCN,Zaventem,Barcelona,BE,ES,50.901402,4.48444,41.2971,2.07846,1083.8,5,"FR,HU,IB,SN,VY","319,320,320 319,738"
BCN-BRU,BCN,BRU,Barcelona,Zaventem,ES,BE,41.2971,2.07846,50.901402,4.48444,1083.8,5,"FR,HU,IB,SN,VY","320,320 319,738"
FCO-ATH,FCO,ATH,Rome,Spata-Artemida,IT,GR,41.804532,12.251998,37.936401,23.9445,1085.4,5,"A3,AZ,OA,U2,US","319,320,32S 321 319"
PRG-ARN,PRG,ARN,Prague,Stockholm,CZ,SE,50.100874,14.259911,59.64849,17.928829,1086.9,5,"DY,KE,OK,QS,SK","319,73H,73H 717"
ORY-OPO,ORY,OPO,"Paris (Orly, Val-de-Marne)",Porto,FR,PT,48.729499,2.358963,41.2481002808,-8.68138980865,1200.2,5,"IB,TO,TP,VY,ZI","320,320 319,73H"
OPO-ORY,OPO,ORY,Porto,"Paris (Orly, Val-de-Marne)",PT,FR,41.2481002808,-8.68138980865,48.729499,2.358963,1200.2,5,"IB,TO,TP,VY,ZI","320,320 319,73H"
MUC-CTA,MUC,CTA,Munich,Catania,DE,IT,48.353802,11.7861,37.466801,15.0664,1239.4,5,"AB,AY,IG,KM,LH","319,320,320 321 738,321 320,E95 321"
CTA-MUC,CTA,MUC,Catania,Munich,IT,DE,37.466801,15.0664,48.353802,11.7861,1239.4,5,"AB,AY,IG,KM,LH","319,320,320 321 738,738,E95 321"
BCN-AMS,BCN,AMS,Barcelona,Amsterdam,ES,NL,41.2971,2.07846,52.308601,4.76389,1241.1,5,"HV,IB,KL,MU,VY","320,737,73H 73W"
AMS-BCN,AMS,BCN,Amsterdam,Barcelona,NL,ES,52.308601,4.76389,41.2971,2.07846,1241.1,5,"HV,IB,KL,MU,VY","320,737,73H 73W"
CGN-PMI,CGN,PMI,Köln (Cologne),Palma de Mallorca,DE,ES,50.865898,7.14274,39.551701,2.73881,1303.9,5,"4U,AB,DE,FR,X3","320 319,332 738 320,738,73H,757"
PMI-CGN,PMI,CGN,Palma de Mallorca,Köln (Cologne),ES,DE,39.551701,2.73881,50.865898,7.14274,1303.9,5,"4U,AB,DE,FR,X3","320 319,738,738 332 320,73H,757"
GVA-OPO,GVA,OPO,Geneva,Porto,CH,PT,46.238098,6.10895,41.2481002808,-8.68138980865,1308.6,5,"A3,AY,LX,TP,U2","319,319 320,320 319"
BRU-MAD,BRU,MAD,Zaventem,Madrid,BE,ES,50.901402,4.48444,40.493407,-3.572249,1313.8,5,"AM,HU,IB,SN,UX","319,319 AR1,321 320,E90"
MAD-BRU,MAD,BRU,Madrid,Zaventem,ES,BE,40.493407,-3.572249,50.901402,4.48444,1313.8,5,"AM,HU,IB,SN,UX","319,320 319 AR1,321 320,E90"
STR-CTA,STR,CTA,Stuttgart,Catania,DE,IT,48.689899,9.22196,37.466801,15.0664,1334.2,5,"4U,AB,AP,AZ,IG","319,320,738 320"
CTA-STR,CTA,STR,Catania,Stuttgart,IT,DE,37.466801,15.0664,48.689899,9.22196,1334.2,5,"4U,AB,AP,AZ,IG","319,320,738 320"
DUS-PMI,DUS,PMI,Düsseldorf,Palma de Mallorca,DE,ES,51.289501,6.76678,39.551701,2.73881,1342.0,5,"4U,AB,DE,HK,X3","320,332 738 321 320,73H,757"
PMI-DUS,PMI,DUS,Palma de Mallorca,Düsseldorf,ES,DE,39.551701,2.73881,51.289501,6.76678,1342.0,5,"4U,AB,DE,HK,X3","320,332 321 738 320,73H,757"
PRG-BCN,PRG,BCN,Prague,Barcelona,CZ,ES,50.100874,14.259911,41.2971,2.07846,1358.0,5,"IB,OK,QS,UX,VY","319 320 738,319 738,320,320 319,32S"
BCN-PRG,BCN,PRG,Barcelona,Prague,ES,CZ,41.2971,2.07846,50.100874,14.259911,1358.0,5,"IB,OK,QS,UX,VY","319 320 738,319 738,320,320 319,32S"
BRS-PMI,BRS,PMI,Bristol,Palma de Mallorca,GB,ES,51.382326,-2.716453,39.551701,2.73881,1381.6,5,"FR,TCX,TO,TOM,U2","320,320 319,738,75W"
ORY-LIS,ORY,LIS,"Paris (Orly, Val-de-Marne)",Lisbon,FR,PT,48.729499,2.358963,38.7813,-9.13592,1437.6,5,"IB,TO,TP,VY,ZI","319 320,319 321 320 100,320,73H 320"
LIS-ORY,LIS,ORY,Lisbon,"Paris (Orly, Val-de-Marne)",PT,FR,38.7813,-9.13592,48.729499,2.358963,1437.6,5,"IB,TO,TP,VY,ZI","319 320,320,321 319 320 100,73H 320"
LHR-WAW,LHR,WAW,London,Warsaw,GB,PL,51.470748,-0.459909,52.165699,20.9671,1469.5,5,"AA,BA,IB,LO,NH","320,734,734 E95"
WAW-LHR,WAW,LHR,Warsaw,London,PL,GB,52.165699,20.9671,51.470748,-0.459909,1469.5,5,"AA,BA,IB,LO,NH","320,734,734 E95"
BRU-OPO,BRU,OPO,Zaventem,Porto,BE,PT,50.901402,4.48444,41.2481002808,-8.68138980865,1473.4,5,"FR,IB,SN,TP,VY","319,319 100 ER4,320,738"
OPO-BRU,OPO,BRU,Porto,Zaventem,PT,BE,41.2481002808,-8.68138980865,50.901402,4.48444,1473.4,5,"FR,IB,SN,TP,VY","100 319 ER4,319,320,738"
PMI-BHX,PMI,BHX,Palma de Mallorca,"Birmingham, West Midlands",ES,GB,39.551701,2.73881,52.453899,-1.74803,1475.2,5,"FR,TCX,TO,TOM,ZB","320 321,738,752,75W,75W 73H"
BHX-PMI,BHX,PMI,"Birmingham, West Midlands",Palma de Mallorca,GB,ES,52.453899,-1.74803,39.551701,2.73881,1475.2,5,"FR,TCX,TO,TOM,ZB","320 321,738,752,75W,75W 73H"
GVA-LIS,GVA,LIS,Geneva,Lisbon,CH,PT,46.238098,6.10895,38.7813,-9.13592,1495.7,5,"AY,LX,TP,U2,US","319 320,320 319,320 319 321"
LCY-RTM,LCY,RTM,London,Rotterdam,GB,NL,51.505299,0.055278,51.956902,4.43722,305.9,4,"AF,BA,KL,WX","F50 AR8,F50 ARJ,S20"
RTM-LCY,RTM,LCY,Rotterdam,London,NL,GB,51.956902,4.43722,51.505299,0.055278,305.9,4,"AF,BA,KL,WX","F50 AR8,F50 ARJ,S20"
LCY-AMS,LCY,AMS,London,Amsterdam,GB,NL,51.505299,0.055278,52.308601,4.76389,335.1,4,"AF,BA,KL,WX","AR8,ARJ,E90 E70"
AMS-LCY,AMS,LCY,Amsterdam,London,NL,GB,52.308601,4.76389,51.505299,0.055278,335.1,4,"AF,BA,KL,WX","AR8,ARJ,E90 E70"
OSL-AAL,OSL,AAL,Oslo (Gardermoen),Aalborg,NO,DK,60.193901,11.1004,57.094763,9.84993,352.1,4,"AY,BA,M3,SK","73H 73G,J31,J31 FRJ,SWM"
FRA-AMS,FRA,AMS,Frankfurt am Main,Amsterdam,DE,NL,50.026706,8.55835,52.308601,4.76389,366.5,4,"ET,KL,LH,MU","733,735 320 319 733 32A 321,EMJ,EMJ F70"
AMS-FRA,AMS,FRA,Amsterdam,Frankfurt am Main,NL,DE,52.308601,4.76389,50.026706,8.55835,366.5,4,"ET,KL,LH,MU","32A 319,733 735 320 319 32A 321,EMJ F70"
MRS-MXP,MRS,MXP,"Marignane, Bouches-du-Rhône",Ferno (VA),FR,IT,43.438088,5.2125,45.6306,8.72811,370.2,4,"AF,AZ,T7,XK","AT7,BEH"
MXP-MRS,MXP,MRS,Ferno (VA),"Marignane, Bouches-du-Rhône",IT,FR,45.6306,8.72811,43.438088,5.2125,370.2,4,"AF,AZ,T7,XK","AT7,BEH"
PRG-FRA,PRG,FRA,Prague,Frankfurt am Main,CZ,DE,50.100874,14.259911,50.026706,8.55835,407.0,4,"ET,LH,OK,QS","320 321,321 733 32A 320,AT7 319"
FRA-PRG,FRA,PRG,Frankfurt am Main,Prague,DE,CZ,50.026706,8.55835,50.100874,14.259911,407.0,4,"ET,LH,OK,QS","321,321 733 32A 320,AT7 319"
VAA-ARN,VAA,ARN,Vaasa,Stockholm,FI,SE,63.05023,21.762543,59.64849,17.928829,429.8,4,"CA,DY,SK,TG","73H,AT7,AT7 S20,S20"
ARN-VAA,ARN,VAA,Stockholm,Vaasa,SE,FI,59.64849,17.928829,63.05023,21.762543,429.8,4,"CA,DY,SK,TG","73H,S20,S20 AT7"
GVA-FRA,GVA,FRA,Geneva,Frankfurt am Main,CH,DE,46.238098,6.10895,50.026706,8.55835,458.8,4,"ET,KU,LH,LX","340,735,735 CR7,735 CR7 E90"
FRA-GVA,FRA,GVA,Frankfurt am Main,Geneva,DE,CH,50.026706,8.55835,46.238098,6.10895,458.8,4,"ET,KU,LH,LX","340,CR7 735 E90,E90 CR7"
FRA-LIN,FRA,LIN,Frankfurt am Main,Segrate (MI),DE,IT,50.026706,8.55835,45.445099,9.27674,512.3,4,"AZ,EN,LH,SN","320 319,321 E90 320 319 32A,E75"
LIN-FRA,LIN,FRA,Segrate (MI),Frankfurt am Main,IT,DE,45.445099,9.27674,50.026706,8.55835,512.3,4,"AZ,EN,LH,SN","320 319,320 321 E90 319 32A,E75"
SOF-ATH,SOF,ATH,Sofia,Spata-Artemida,BG,GR,42.696357,23.417671,37.936401,23.9445,531.2,4,"A3,FB,KM,OA","320,DH4,E90"
ATH-SOF,ATH,SOF,Spata-Artemida,Sofia,GR,BG,37.936401,23.9445,42.696357,23.417671,531.2,4,"A3,FB,KM,OA","320,DH4,E90"
BRU-GVA,BRU,GVA,Zaventem,Geneva,BE,CH,50.901402,4.48444,46.238098,6.10895,532.1,4,"HU,LX,SN,U2","319,320 319,320 319 AR1"
GVA-BRU,GVA,BRU,Geneva,Zaventem,CH,BE,46.238098,6.10895,50.901402,4.48444,532.1,4,"HU,LX,SN,U2","319 320 AR1,320,320 319"
BRU-LYS,BRU,LYS,Zaventem,"Colombier-Saugnieu, Rhône",BE,FR,50.901402,4.48444,45.725996,5.090139,577.2,4,"A5,AF,SN,U2","319,AR1 319 320,ER4"
LYS-BRU,LYS,BRU,"Colombier-Saugnieu, Rhône",Zaventem,FR,BE,45.725996,5.090139,50.901402,4.48444,577.2,4,"A5,AF,SN,U2","319,AR1 319 320,ER4"
CDG-MAN,CDG,MAN,"Paris (Roissy-en-France, Val-d'Oise)","Manchester, Greater Manchester",FR,GB,49.00896,2.554117,53.349375,-2.279521,588.3,4,"AF,AZ,BE,LS","320 321,321 320,733,E75 DH4"
MAN-CDG,MAN,CDG,"Manchester, Greater Manchester","Paris (Roissy-en-France, Val-d'Oise)",GB,FR,53.349375,-2.279521,49.00896,2.554117,588.3,4,"AF,AZ,BE,LS","321 320,733,E75 DH4"
DUS-CPH,DUS,CPH,Düsseldorf,Copenhagen,DE,DK,51.289501,6.76678,55.617900848389,12.656000137329,619.0,4,"AB,AY,LH,SK","319 320 DH4 738,CR9 CR2"
CPH-DUS,CPH,DUS,Copenhagen,Düsseldorf,DK,DE,55.617900848389,12.656000137329,51.289501,6.76678,619.0,4,"AB,AY,LH,SK","319 320 DH4 738,CR9 CR2"
PRG-CPH,PRG,CPH,Prague,Copenhagen,CZ,DK,50.100874,14.259911,55.617900848389,12.656000137329,622.8,4,"DY,OK,QS,SK","319,320 CR9,73H"
CPH-PRG,CPH,PRG,Copenhagen,Prague,DK,CZ,55.617900848389,12.656000137329,50.100874,14.259911,622.8,4,"DY,OK,QS,SK","319,320 CR9,73H"
FRA-LHR,FRA,LHR,Frankfurt am Main,London,DE,GB,50.026706,8.55835,51.470748,-0.459909,654.0,4,"AA,AB,BA,LH","320 767 319,32A 319 320 321 733"
LHR-FRA,LHR,FRA,London,Frankfurt am Main,GB,DE,51.470748,-0.459909,50.026706,8.55835,654.0,4,"AA,AB,BA,LH","319 320,319 320 32A 321 733,767 319 320"
BRU-MXP,BRU,MXP,Zaventem,Ferno (VA),BE,IT,50.901402,4.48444,45.6306,8.72811,664.7,4,"HU,LH,SN,U2","319,319 AR1,AR1"
MXP-BRU,MXP,BRU,Ferno (VA),Zaventem,IT,BE,45.6306,8.72811,50.901402,4.48444,664.7,4,"HU,LH,SN,U2","319,319 AR1"
FRA-CPH,FRA,CPH,Frankfurt am Main,Copenhagen,DE,DK,50.026706,8.55835,55.617900848389,12.656000137329,679.7,4,"CA,ET,LH,SK","319 321 320,319 733 32A 321 320,320 319 321,320 32A 319 321 CR9"
CPH-FRA,CPH,FRA,Copenhagen,Frankfurt am Main,DK,DE,55.617900848389,12.656000137329,50.026706,8.55835,679.7,4,"CA,ET,LH,SK","320 319 CR9,320 32A 319 321 CR9,321 320,32A 319 733 321 320"
FCO-MLA,FCO,MLA,Rome,Valletta,IT,MT,41.804532,12.251998,35.845932,14.491546,690.3,4,"AZ,EY,IG,KM","319,320 319,32S,32S 320"
GVA-FCO,GVA,FCO,Geneva,Rome,CH,IT,46.238098,6.10895,41.804532,12.251998,695.5,4,"AZ,F7,LX,U2","319 320,32S E75 319 E90,AT7"
FCO-GVA,FCO,GVA,Rome,Geneva,IT,CH,41.804532,12.251998,46.238098,6.10895,695.5,4,"AZ,F7,LX,U2","319 320,32S E75 319 E90,AT7"
BRU-PRG,BRU,PRG,Zaventem,Prague,BE,CZ,50.901402,4.48444,50.100874,14.259911,696.6,4,"OK,QS,SN,UA","319,319 DH4,DH4"
PRG-BRU,PRG,BRU,Prague,Zaventem,CZ,BE,50.100874,14.259911,50.901402,4.48444,696.6,4,"OK,QS,SN,UA","319,319 DH4,DH4"
BRU-LIN,BRU,LIN,Zaventem,Segrate (MI),BE,IT,50.901402,4.48444,45.445099,9.27674,702.8,4,"AZ,LH,LX,SN","AR1 319,E75 E90"
LIN-BRU,LIN,BRU,Segrate (MI),Zaventem,IT,BE,45.445099,9.27674,50.901402,4.48444,702.8,4,"AZ,LH,LX,SN","AR1 319,E75 E90"
PRG-AMS,PRG,AMS,Prague,Amsterdam,CZ,NL,50.100874,14.259911,52.308601,4.76389,705.0,4,"KL,OK,QS,U2","319,EMJ F70 737"
AMS-PRG,AMS,PRG,Amsterdam,Prague,NL,CZ,52.308601,4.76389,50.100874,14.259911,705.0,4,"KL,OK,QS,U2","319,F70 EMJ 737"
BCN-MXP,BCN,MXP,Barcelona,Ferno (VA),ES,IT,41.2971,2.07846,45.6306,8.72811,720.8,4,"IB,SQ,U2,VY","320,320 319,77W"
MXP-BCN,MXP,BCN,Ferno (VA),Barcelona,IT,ES,45.6306,8.72811,41.2971,2.07846,720.8,4,"IB,SQ,U2,VY","320,320 319,77W"
LYS-FCO,LYS,FCO,"Colombier-Saugnieu, Rhône",Rome,FR,IT,45.725996,5.090139,41.804532,12.251998,721.3,4,"A5,AF,AZ,U2","319,CRK"
FCO-LYS,FCO,LYS,Rome,"Colombier-Saugnieu, Rhône",IT,FR,41.804532,12.251998,45.725996,5.090139,721.3,4,"A5,AF,AZ,U2","319,CRK"
BIO-LIS,BIO,LIS,Bilbao,Lisbon,ES,PT,43.301102,-2.91061,38.7813,-9.13592,724.3,4,"S4,TP,U2,US","319,ER4 100"
HAM-LHR,HAM,LHR,Hamburg,London,DE,GB,53.630402,9.98823,51.470748,-0.459909,745.3,4,"4U,AA,AB,BA","319 CRJ,320 319 321"
LHR-HAM,LHR,HAM,London,Hamburg,GB,DE,51.470748,-0.459909,53.630402,9.98823,745.3,4,"4U,AA,AB,BA","319 321 320,319 CRJ,321 319 320"
BRU-CPH,BRU,CPH,Zaventem,Copenhagen,BE,DK,50.901402,4.48444,55.617900848389,12.656000137329,754.4,4,"HU,SK,SN,TF","319,319 320 CR9 321,319 AR1,AR1"
CPH-BRU,CPH,BRU,Copenhagen,Zaventem,DK,BE,55.617900848389,12.656000137329,50.901402,4.48444,754.4,4,"HU,SK,SN,TF","319,319 AR1,320 CR9 321 319,AR1"
STR-LHR,STR,LHR,Stuttgart,London,DE,GB,48.689899,9.22196,51.470748,-0.459909,756.1,4,"4U,AA,AB,BA","319 320,319 321 320"
LHR-STR,LHR,STR,London,Stuttgart,GB,DE,51.470748,-0.459909,48.689899,9.22196,756.1,4,"4U,AA,AB,BA","319 320,319 321 320"
VIE-HAM,VIE,HAM,Vienna,Hamburg,AT,DE,48.110298,16.5697,53.630402,9.98823,767.5,4,"4U,AB,LH,OS","319 CRJ,320 319 321 CRJ,320 321,E90 320 321"
HAM-VIE,HAM,VIE,Hamburg,Vienna,DE,AT,53.630402,9.98823,48.110298,16.5697,767.5,4,"4U,AB,LH,OS","319 320 321 CRJ,319 CRJ,320 321,320 E90 321"
TIA-BLQ,TIA,BLQ,Rinas,Bologna,AL,IT,41.4147,19.7206,44.5354,11.2887,768.2,4,"AP,AZ,BV,JN","320,737"
BLQ-TIA,BLQ,TIA,Bologna,Rinas,IT,AL,44.5354,11.2887,41.4147,19.7206,768.2,4,"AP,AZ,BV,JN","320,737"
ZRH-LHR,ZRH,LHR,Zurich,London,CH,GB,47.458056,8.548056,51.470748,-0.459909,788.3,4,"AA,AB,BA,LX","320 319,320 319 321,320 321 32A"
LHR-ZRH,LHR,ZRH,London,Zurich,GB,CH,51.470748,-0.459909,47.458056,8.548056,788.3,4,"AA,AB,BA,LX","319 320 321,320 319 321,320 321 32A"
BCN-FCO,BCN,FCO,Barcelona,Rome,ES,IT,41.2971,2.07846,41.804532,12.251998,848.0,4,"AZ,FR,IB,VY","320,32S 320 319 321,738"
FCO-BCN,FCO,BCN,Rome,Barcelona,IT,ES,41.804532,12.251998,41.2971,2.07846,848.0,4,"AZ,FR,IB,VY","320,320 32S 319 321,738"
CDG-EDI,CDG,EDI,"Paris (Roissy-en-France, Val-d'Oise)",Edinburgh,FR,GB,49.00896,2.554117,55.950145,-3.372288,869.2,4,"AF,AZ,BE,U2","319,AR8,ARJ"
TRD-CPH,TRD,CPH,Trondheim,Copenhagen,NO,DK,63.457802,10.924,55.617900848389,12.656000137329,877.1,4,"AC,DY,SK,TG","73H,CR9,M80"
MUC-LHR,MUC,LHR,Munich,London,DE,GB,48.353802,11.7861,51.470748,-0.459909,941.5,4,"AA,AB,BA,LH","320 321 319,321 320 319"
LHR-MUC,LHR,MUC,London,Munich,GB,DE,51.470748,-0.459909,48.353802,11.7861,941.5,4,"AA,AB,BA,LH","319 320 321,320 321 319"
VIE-OLB,VIE,OLB,Vienna,Olbia (SS),AT,IT,48.110298,16.5697,40.898953,9.518457,976.7,4,"AB,HG,IG,OS",320
OLB-VIE,OLB,VIE,Olbia (SS),Vienna,IT,AT,40.898953,9.518457,48.110298,16.5697,976.7,4,"AB,HG,IG,OS",320
LHR-LIN,LHR,LIN,London,Segrate (MI),GB,IT,51.470748,-0.459909,45.445099,9.27674,980.5,4,"AA,AZ,BA,BT","319,319 320 321,32S 320 321"
LIN-LHR,LIN,LHR,Segrate (MI),London,IT,GB,45.445099,9.27674,51.470748,-0.459909,980.5,4,"AA,AZ,BA,BT","319,320 32S 321,321 319 320"
BCN-LIS,BCN,LIS,Barcelona,Lisbon,ES,PT,41.2971,2.07846,38.7813,-9.13592,994.0,4,"IB,S4,TP,VY","320,ER4 319 100 320,ER4 320 319 100"
LIS-BCN,LIS,BCN,Lisbon,Barcelona,PT,ES,38.7813,-9.13592,41.2971,2.07846,994.0,4,"IB,S4,TP,VY","320,320 ER4 319 100,ER4 319 100"
NCE-LGW,NCE,LGW,"Nice, Alpes-Maritimes",London,FR,GB,43.658401,7.21587,51.148744,-0.185739,1000.9,4,"BA,DY,U2,ZB","319 320 734,320 319,321,73H"
LGW-NCE,LGW,NCE,London,"Nice, Alpes-Maritimes",GB,FR,51.148744,-0.185739,43.658401,7.21587,1000.9,4,"BA,DY,U2,ZB","320 319,320 734 319,321,73H"
CPH-CDG,CPH,CDG,Copenhagen,"Paris (Roissy-en-France, Val-d'Oise)",DK,FR,55.617900848389,12.656000137329,49.00896,2.554117,1003.8,4,"AF,AZ,SK,U2","318 319 320,319 320,321 320 319"
CDG-CPH,CDG,CPH,"Paris (Roissy-en-France, Val-d'Oise)",Copenhagen,FR,DK,49.00896,2.554117,55.617900848389,12.656000137329,1003.8,4,"AF,AZ,SK,U2","318 319 320,319 318 320,319 320,320 321 319"
GVA-MAD,GVA,MAD,Geneva,Madrid,CH,ES,46.238098,6.10895,40.493407,-3.572249,1008.9,4,"AB,IB,LX,U2","319 320,320 319"
MAD-GVA,MAD,GVA,Madrid,Geneva,ES,CH,40.493407,-3.572249,46.238098,6.10895,1008.9,4,"AB,IB,LX,U2","319 320,320 319"
PMI-ORY,PMI,ORY,Palma de Mallorca,"Paris (Orly, Val-de-Marne)",ES,FR,39.551701,2.73881,48.729499,2.358963,1021.0,4,"AF,IB,UX,VY","320,E90 738"
ORY-PMI,ORY,PMI,"Paris (Orly, Val-de-Marne)",Palma de Mallorca,FR,ES,48.729499,2.358963,39.551701,2.73881,1021.0,4,"AF,IB,UX,VY","320,E90 738"
VIE-CDG,VIE,CDG,Vienna,"Paris (Roissy-en-France, Val-d'Oise)",AT,FR,48.110298,16.5697,49.00896,2.554117,1034.8,4,"AB,AF,HG,OS","320,320 318 319 32A 321,321 320 318"
CDG-VIE,CDG,VIE,"Paris (Roissy-en-France, Val-d'Oise)",Vienna,FR,AT,49.00896,2.554117,48.110298,16.5697,1034.8,4,"AB,AF,HG,OS","320,320 318 319 32A 321,320 321 318"
LGW-VRN,LGW,VRN,London,Caselle (VR),GB,IT,51.148744,-0.185739,45.394955,10.887303,1037.8,4,"BA,TO,U2,ZB","319,321,734 319 320,75W 73H"
VRN-LGW,VRN,LGW,Caselle (VR),London,IT,GB,45.394955,10.887303,51.148744,-0.185739,1037.8,4,"BA,TO,U2,ZB","319,321,734 319 320,75W 73H"
LHR-GOT,LHR,GOT,London,Göteborg,GB,SE,51.470748,-0.459909,57.6628,12.2798,1068.7,4,"AA,BA,IB,SK","320,320 321 319,73H 73W 736"
GOT-LHR,GOT,LHR,Göteborg,London,SE,GB,57.6628,12.2798,51.470748,-0.459909,1068.7,4,"AA,BA,IB,SK","320,320 321 319,73H 73W 736"
ATH-FCO,ATH,FCO,Spata-Artemida,Rome,GR,IT,37.936401,23.9445,41.804532,12.251998,1085.4,4,"A3,AZ,OA,U2","319,320,321 32S 319"
ARN-PRG,ARN,PRG,Stockholm,Prague,SE,CZ,59.64849,17.928829,50.100874,14.259911,1086.9,4,"DY,OK,QS,SK","319,73H,73H 717"
FRA-BCN,FRA,BCN,Frankfurt am Main,Barcelona,DE,ES,50.026706,8.55835,41.2971,2.07846,1092.5,4,"ET,IB,LH,VY","320,321,321 320 319 32A"
BCN-FRA,BCN,FRA,Barcelona,Frankfurt am Main,ES,DE,41.2971,2.07846,50.026706,8.55835,1092.5,4,"ET,IB,LH,VY","320,321,321 320 319 32A"
LGW-VCE,LGW,VCE,London,Venezia (VE),GB,IT,51.148744,-0.185739,45.505299,12.3519,1117.0,4,"BA,TO,U2,ZB","319 320,321,734 319 320,73H"
VCE-LGW,VCE,LGW,Venezia (VE),London,IT,GB,45.505299,12.3519,51.148744,-0.185739,1117.0,4,"BA,TO,U2,ZB","319 320,321,734 319 320,73H"
CPH-VCE,CPH,VCE,Copenhagen,Venezia (VE),DK,IT,55.617900848389,12.656000137329,45.505299,12.3519,1124.7,4,"AP,AZ,DY,SK","320,320 319,73H"
VCE-CPH,VCE,CPH,Venezia (VE),Copenhagen,IT,DK,45.505299,12.3519,55.617900848389,12.656000137329,1124.7,4,"AP,AZ,DY,SK","320,320 319,73H"
GVA-CPH,GVA,CPH,Geneva,Copenhagen,CH,DK,46.238098,6.10895,55.617900848389,12.656000137329,1138.3,4,"CA,LX,SK,U2","319 320,319 CR9 717,CR9 717"
CPH-GVA,CPH,GVA,Copenhagen,Geneva,DK,CH,55.617900848389,12.656000137329,46.238098,6.10895,1138.3,4,"CA,LX,SK,U2","319 320,319 CR9 717,CR9 717"
STR-PMI,STR,PMI,Stuttgart,Palma de Mallorca,DE,ES,48.689899,9.22196,39.551701,2.73881,1139.3,4,"4U,AB,DE,X3","319 320,321 332 738 320,32S,73H"
PMI-STR,PMI,STR,Palma de Mallorca,Stuttgart,ES,DE,39.551701,2.73881,48.689899,9.22196,1139.3,4,"4U,AB,DE,X3","319 320,32S,332 738 321 320,73H"
AMS-ARN,AMS,ARN,Amsterdam,Stockholm,NL,SE,52.308601,4.76389,59.64849,17.928829,1152.4,4,"AZ,DY,KL,SK","717 73W 736,737,73H"
ARN-AMS,ARN,AMS,Stockholm,Amsterdam,SE,NL,59.64849,17.928829,52.308601,4.76389,1152.4,4,"AZ,DY,KL,SK","717 73W 736,737,73H"
DUS-BCN,DUS,BCN,Düsseldorf,Barcelona,DE,ES,51.289501,6.76678,41.2971,2.07846,1167.4,4,"4U,AB,IB,VY","320,320 319,320 738 321,738 321"
BCN-DUS,BCN,DUS,Barcelona,Düsseldorf,ES,DE,41.2971,2.07846,51.289501,6.76678,1167.4,4,"4U,AB,IB,VY","320,320 319,320 738 321,738 321"
LHR-OSL,LHR,OSL,London,Oslo (Gardermoen),GB,NO,51.470748,-0.459909,60.193901,11.1004,1205.5,4,"AA,BA,IB,SK","319 320 321,738 73G 73H 736 73W"
OSL-LHR,OSL,LHR,Oslo (Gardermoen),London,NO,GB,60.193901,11.1004,51.470748,-0.459909,1205.5,4,"AA,BA,IB,SK","319 320,319 320 321,73G 738 73H 736 73W"
MUC-PMI,MUC,PMI,Munich,Palma de Mallorca,DE,ES,48.353802,11.7861,39.551701,2.73881,1215.7,4,"AB,DE,LH,X3","320 319 321,32S 757,738 321 320,73H"
PMI-MUC,PMI,MUC,Palma de Mallorca,Munich,ES,DE,39.551701,2.73881,48.353802,11.7861,1215.7,4,"AB,DE,LH,X3","320 319 321,320 321 738,32S 757,73H"
MUC-SKG,MUC,SKG,Munich,Thessaloniki,DE,GR,48.353802,11.7861,40.51928,22.970009,1241.5,4,"A3,AB,LH,US","320,738"
SKG-MUC,SKG,MUC,Thessaloniki,Munich,GR,DE,40.51928,22.970009,48.353802,11.7861,1241.5,4,"A3,AB,LH,US","320,738"
NTE-FCO,NTE,FCO,Nantes,Rome,FR,IT,47.153198,-1.61073,41.804532,12.251998,1247.8,4,"IB,TO,U2,VY","319,320,73H"
FCO-NTE,FCO,NTE,Rome,Nantes,IT,FR,41.804532,12.251998,47.153198,-1.61073,1247.8,4,"IB,TO,U2,VY","319,320,73H"
FRA-PMI,FRA,PMI,Frankfurt am Main,Palma de Mallorca,DE,ES,50.026706,8.55835,39.551701,2.73881,1251.1,4,"AB,DE,LH,X3","319 32A,320 321 332,73H,757"
PMI-FRA,PMI,FRA,Palma de Mallorca,Frankfurt am Main,ES,DE,39.551701,2.73881,50.026706,8.55835,1251.1,4,"AB,DE,LH,X3","319 32A,321 320 332,73H,757"
BRU-PMI,BRU,PMI,Zaventem,Palma de Mallorca,BE,ES,50.901402,4.48444,39.551701,2.73881,1269.3,4,"FR,HQ,IB,VY","320,320 319,738"
PMI-BRU,PMI,BRU,Palma de Mallorca,Zaventem,ES,BE,39.551701,2.73881,50.901402,4.48444,1269.3,4,"FR,HQ,IB,VY","320,320 319,738"
VIE-LHR,VIE,LHR,Vienna,London,AT,GB,48.110298,16.5697,51.470748,-0.459909,1274.9,4,"AA,AB,BA,OS","320,320 319,320 321"
LHR-VIE,LHR,VIE,London,Vienna,GB,AT,51.470748,-0.459909,48.110298,16.5697,1274.9,4,"AA,AB,BA,OS","320,320 319,321 320"
VIE-ARN,VIE,ARN,Vienna,Stockholm,AT,SE,48.110298,16.5697,59.64849,17.928829,1286.0,4,"AB,AY,HG,OS","100 319 320,E90"
ARN-VIE,ARN,VIE,Stockholm,Vienna,SE,AT,59.64849,17.928829,48.110298,16.5697,1286.0,4,"AB,AY,HG,OS","320 100 319,E90"
FCO-AMS,FCO,AMS,Rome,Amsterdam,IT,NL,41.804532,12.251998,52.308601,4.76389,1296.8,4,"AZ,KL,MU,U2","319,321 32S 320 319,737"
AMS-FCO,AMS,FCO,Amsterdam,Rome,NL,IT,52.308601,4.76389,41.804532,12.251998,1296.8,4,"AZ,KL,MU,U2","319,321 32S 320 319,737"
MAN-VCE,MAN,VCE,"Manchester, Greater Manchester",Venezia (VE),GB,IT,53.349375,-2.279521,45.505299,12.3519,1366.8,4,"LS,TO,U2,ZB","319,320 321,733 738,73H"
VCE-MAN,VCE,MAN,Venezia (VE),"Manchester, Greater Manchester",IT,GB,45.505299,12.3519,53.349375,-2.279521,1366.8,4,"LS,TO,U2,ZB","319,320 321,733 738,73H"
VIE-MLA,VIE,MLA,Vienna,Valletta,AT,MT,48.110298,16.5697,35.845932,14.491546,1374.4,4,"AB,HG,KM,OS","319 320,E90"
MLA-VIE,MLA,VIE,Valletta,Vienna,MT,AT,35.845932,14.491546,48.110298,16.5697,1374.4,4,"AB,HG,KM,OS","319 320,E90"
PMI-BRS,PMI,BRS,Palma de Mallorca,Bristol,ES,GB,39.551701,2.73881,51.382326,-2.716453,1381.6,4,"FR,TO,TOM,U2","320 319,738,75W"
STN-PMI,STN,PMI,"London, Essex",Palma de Mallorca,GB,ES,51.884998,0.235,39.551701,2.73881,1384.9,4,"FR,TO,TOM,U2","319,738,73H"
STR-SKG,STR,SKG,Stuttgart,Thessaloniki,DE,GR,48.689899,9.22196,40.51928,22.970009,1414.0,4,"4U,A3,AB,LH","319 320,320,738"
SKG-STR,SKG,STR,Thessaloniki,Stuttgart,GR,DE,40.51928,22.970009,48.689899,9.22196,1414.0,4,"4U,A3,AB,LH","319 320,320,738"
BRU-VNO,BRU,VNO,Zaventem,Vilnius,BE,LT,50.901402,4.48444,54.634102,25.285801,1453.6,4,"BT,LH,LT,SN","AR1 319,CR2 E75"
VNO-BRU,VNO,BRU,Vilnius,Zaventem,LT,BE,54.634102,25.285801,50.901402,4.48444,1453.6,4,"BT,LH,LT,SN","AR1 319,CR2 E75"
BRU-ALC,BRU,ALC,Zaventem,Alicante,BE,ES,50.901402,4.48444,38.2822,-0.558156,1458.0,4,"FR,IB,SN,VY","319,320,738"
ALC-BRU,ALC,BRU,Alicante,Zaventem,ES,BE,38.2822,-0.558156,50.901402,4.48444,1458.0,4,"FR,IB,SN,VY","319,320,738"
CDG-PMO,CDG,PMO,"Paris (Roissy-en-France, Val-d'Oise)",Palermo,FR,IT,49.00896,2.554117,38.175999,13.091,1470.4,4,"AP,AZ,IG,SE","319,320,733"
PMO-CDG,PMO,CDG,Palermo,"Paris (Roissy-en-France, Val-d'Oise)",IT,FR,38.175999,13.091,49.00896,2.554117,1470.4,4,"AP,AZ,IG,SE","319,320,733"
HAM-BCN,HAM,BCN,Hamburg,Barcelona,DE,ES,53.630402,9.98823,41.2971,2.07846,1492.6,4,"4U,DY,IB,VY","319,320,73H"
BCN-HAM,BCN,HAM,Barcelona,Hamburg,ES,DE,41.2971,2.07846,53.630402,9.98823,1492.6,4,"4U,DY,IB,VY","319,320,73H"
LIS-GVA,LIS,GVA,Lisbon,Geneva,PT,CH,38.7813,-9.13592,46.238098,6.10895,1495.7,4,"AY,LX,TP,U2","319 320,319 320 321,320 319,320 321"
MAD-MUC,MAD,MUC,Madrid,Munich,ES,DE,40.493407,-3.572249,48.353802,11.7861,1496.0,4,"AB,IB,LH,UX","319 320 321,321 320 319,E90"
CWL-JER,CWL,JER,Cardiff,St. Peter,GB,JE,51.396702,-3.34333,49.207901,-2.19551,256.7,3,"AF,BE,WX","DH4,F50"
JER-CWL,JER,CWL,St. Peter,Cardiff,JE,GB,49.207901,-2.19551,51.396702,-3.34333,256.7,3,"AF,BE,WX","DH4,F50"
FRA-BSL,FRA,BSL,Frankfurt am Main,Bâle / Mulhouse,DE,FR,50.026706,8.55835,47.60068,7.521117,280.2,3,"LH,LX,SK",CR7
BSL-FRA,BSL,FRA,Bâle / Mulhouse,Frankfurt am Main,FR,DE,47.60068,7.521117,50.026706,8.55835,280.2,3,"LH,LX,SK",CR7
LYS-MXP,LYS,MXP,"Colombier-Saugnieu, Rhône",Ferno (VA),FR,IT,45.725996,5.090139,45.6306,8.72811,282.8,3,"A5,AF,AZ",CRJ ER4
MXP-LYS,MXP,LYS,Ferno (VA),"Colombier-Saugnieu, Rhône",IT,FR,45.6306,8.72811,45.725996,5.090139,282.8,3,"A5,AF,AZ",ER4 CRJ
ZRH-FRA,ZRH,FRA,Zurich,Frankfurt am Main,CH,DE,47.458056,8.548056,50.026706,8.55835,285.6,3,"ET,LH,LX","319,320 AR1,733 E90 735 319 320 321"
FRA-ZRH,FRA,ZRH,Frankfurt am Main,Zurich,DE,CH,50.026706,8.55835,47.458056,8.548056,285.6,3,"ET,LH,LX","319,320 AR1,733 E90 735 319 320 321"
SOF-OTP,SOF,OTP,Sofia,Otopeni,BG,RO,42.696357,23.417671,44.571792,26.103285,300.3,3,"FB,QR,RO","320 321,AT5"
OTP-SOF,OTP,SOF,Otopeni,Sofia,RO,BG,44.571792,26.103285,42.696357,23.417671,300.3,3,"FB,QR,RO","320 321,AT5"
BTS-PRG,BTS,PRG,Bratislava,Prague,SK,CZ,48.1702,17.2127,50.100874,14.259911,303.7,3,"DL,OK,QS","AT4,AT4 AT7"
BRU-FRA,BRU,FRA,Zaventem,Frankfurt am Main,BE,DE,50.901402,4.48444,50.026706,8.55835,304.3,3,"ET,LH,SN","319 320 733 32A,321 735 E90 733 CR7 319 320 32A"
FRA-BRU,FRA,BRU,Frankfurt am Main,Zaventem,DE,BE,50.026706,8.55835,50.901402,4.48444,304.3,3,"ET,LH,SN","735 733,E90 733 735 CR7 319 321 320 32A,E90 735 733 CR7 319 321 320 32A"
SVQ-LIS,SVQ,LIS,Seville,Lisbon,ES,PT,37.417999,-5.89311,38.7813,-9.13592,321.7,3,"S4,TP,US",BEH
MUC-BSL,MUC,BSL,Munich,Bâle / Mulhouse,DE,FR,48.353802,11.7861,47.60068,7.521117,328.3,3,"LH,LX,SK",CR9 CR7
BSL-MUC,BSL,MUC,Bâle / Mulhouse,Munich,FR,DE,47.60068,7.521117,48.353802,11.7861,328.3,3,"LH,LX,SK",CR7 CR9
CDG-LHR,CDG,LHR,"Paris (Roissy-en-France, Val-d'Oise)",London,FR,GB,49.00896,2.554117,51.470748,-0.459909,347.6,3,"AA,AF,BA","319 320 321,321 319 320"
LHR-CDG,LHR,CDG,London,"Paris (Roissy-en-France, Val-d'Oise)",GB,FR,51.470748,-0.459909,49.00896,2.554117,347.6,3,"AA,AF,BA","320 319 321,321 320 319"
BRU-LHR,BRU,LHR,Zaventem,London,BE,GB,50.901402,4.48444,51.470748,-0.459909,350.3,3,"AA,BA,SN","319 320 321,319 AR1"
LHR-BRU,LHR,BRU,London,Zaventem,GB,BE,51.470748,-0.459909,50.901402,4.48444,350.3,3,"AA,BA,SN","319 AR1,320 319 321"
AAL-OSL,AAL,OSL,Aalborg,Oslo (Gardermoen),DK,NO,57.094763,9.84993,60.193901,11.1004,352.1,3,"BA,M3,SK","73H 73G,J31 FRJ,SWM"
ORY-LHR,ORY,LHR,"Paris (Orly, Val-de-Marne)",London,FR,GB,48.729499,2.358963,51.470748,-0.459909,365.1,3,"AB,BA,IB",319 320
LHR-ORY,LHR,ORY,London,"Paris (Orly, Val-de-Marne)",GB,FR,51.470748,-0.459909,48.729499,2.358963,365.1,3,"AB,BA,IB","319 320,320 319"
TMP-ARN,TMP,ARN,Tampere / Pirkkala,Stockholm,FI,SE,61.414101,23.604401,59.64849,17.928829,367.1,3,"CA,SK,TG",S20
ARN-TMP,ARN,TMP,Stockholm,Tampere / Pirkkala,SE,FI,59.64849,17.928829,61.414101,23.604401,367.1,3,"CA,SK,TG",S20
AMS-HAM,AMS,HAM,Amsterdam,Hamburg,NL,DE,52.308601,4.76389,53.630402,9.98823,379.4,3,"4U,AZ,KL","737 EMJ,737 F70 E90,CRJ"
OSL-ARN,OSL,ARN,Oslo (Gardermoen),Stockholm,NO,SE,60.193901,11.1004,59.64849,17.928829,385.2,3,"DY,ET,SK","736 73W 738,73H 733,73W 738 736 73H 73G 717"
ARN-OSL,ARN,OSL,Stockholm,Oslo (Gardermoen),SE,NO,59.64849,17.928829,60.193901,11.1004,385.2,3,"DY,ET,SK","736 73H 73W 738 73G 717,738 736 73W,73H 733"
DUS-CDG,DUS,CDG,Düsseldorf,"Paris (Roissy-en-France, Val-d'Oise)",DE,FR,51.289501,6.76678,49.00896,2.554117,392.8,3,"AF,AZ,LH","318 320,CR9 319 320"
CDG-DUS,CDG,DUS,"Paris (Roissy-en-France, Val-d'Oise)",Düsseldorf,FR,DE,49.00896,2.554117,51.289501,6.76678,392.8,3,"AF,AZ,LH","318 320,CR9 319 320"
BRU-HAJ,BRU,HAJ,Zaventem,Hannover,BE,DE,50.901402,4.48444,52.461102,9.68508,398.2,3,"LH,SN,UA",DH4
HAJ-BRU,HAJ,BRU,Hannover,Zaventem,DE,BE,52.461102,9.68508,50.901402,4.48444,398.2,3,"LH,SN,UA",DH4
CDG-AMS,CDG,AMS,"Paris (Roissy-en-France, Val-d'Oise)",Amsterdam,FR,NL,49.00896,2.554117,52.308601,4.76389,398.6,3,"AF,KL,MU","321 320 319 318 32A,737"
AMS-CDG,AMS,CDG,Amsterdam,"Paris (Roissy-en-France, Val-d'Oise)",NL,FR,52.308601,4.76389,49.00896,2.554117,398.6,3,"AF,KL,MU","321 320 319 318 32A,737"
BRU-BSL,BRU,BSL,Zaventem,Bâle / Mulhouse,BE,FR,50.901402,4.48444,47.60068,7.521117,428.0,3,"LX,SN,U2","319,319 AR1"
BSL-BRU,BSL,BRU,Bâle / Mulhouse,Zaventem,FR,BE,47.60068,7.521117,50.901402,4.48444,428.0,3,"LX,SN,U2","319,319 AR1"
ZRH-DUS,ZRH,DUS,Zurich,Düsseldorf,CH,DE,47.458056,8.548056,51.289501,6.76678,445.1,3,"AB,LH,LX","319 738 320 73G,320 319 CR9,320 AR1 100 321"
DUS-ZRH,DUS,ZRH,Düsseldorf,Zurich,DE,CH,51.289501,6.76678,47.458056,8.548056,445.1,3,"AB,LH,LX","320 319 CR9,320 AR1 100 321,738 319 320 73G"
LHR-DUB,LHR,DUB,London,Dublin,GB,IE,51.470748,-0.459909,53.428713,-6.262121,449.3,3,"AA,BA,EI","319,320"
DUB-LHR,DUB,LHR,Dublin,London,IE,GB,53.428713,-6.262121,51.470748,-0.459909,449.3,3,"AA,BA,EI","319,320"
NCE-VCE,NCE,VCE,"Nice, Alpes-Maritimes",Venezia (VE),FR,IT,43.658401,7.21587,45.505299,12.3519,455.5,3,"AF,AZ,U2","319 320,320"
VCE-NCE,VCE,NCE,Venezia (VE),"Nice, Alpes-Maritimes",IT,FR,45.505299,12.3519,43.658401,7.21587,455.5,3,"AF,AZ,U2","319 320,320"
NCE-FCO,NCE,FCO,"Nice, Alpes-Maritimes",Rome,FR,IT,43.658401,7.21587,41.804532,12.251998,460.0,3,"AF,AZ,U2","319,319 32S E75 321 E90"
FCO-NCE,FCO,NCE,Rome,"Nice, Alpes-Maritimes",IT,FR,41.804532,12.251998,43.658401,7.21587,460.0,3,"AF,AZ,U2","319,319 32S E75 321 E90"
LBA-AMS,LBA,AMS,"Leeds, West Yorkshire",Amsterdam,GB,NL,53.865898,-1.66057,52.308601,4.76389,462.5,3,"AZ,KL,LS","733,F70,F70 EMJ"
AMS-LBA,AMS,LBA,Amsterdam,"Leeds, West Yorkshire",NL,GB,52.308601,4.76389,53.865898,-1.66057,462.5,3,"AZ,KL,LS","733,F70,F70 EMJ"
RIX-ARN,RIX,ARN,Riga,Stockholm,LV,SE,56.920752,23.970711,59.64849,17.928829,465.2,3,"BT,DY,SK","73H,DH4 735 73C 733"
ARN-RIX,ARN,RIX,Stockholm,Riga,SE,LV,59.64849,17.928829,56.920752,23.970711,465.2,3,"BT,DY,SK","733 DH4 735 73C,73H"
SXB-AMS,SXB,AMS,Strasbourg,Amsterdam,FR,NL,48.5383,7.62823,52.308601,4.76389,465.7,3,"A5,AF,KL","ER4 CR7 E70,ERJ CRJ EMJ"
AMS-SXB,AMS,SXB,Amsterdam,Strasbourg,NL,FR,52.308601,4.76389,48.5383,7.62823,465.7,3,"A5,AF,KL","ER4 CR7 E70,ERJ CRJ EMJ"
LIS-AGP,LIS,AGP,Lisbon,Málaga,PT,ES,38.7813,-9.13592,36.6749,-4.49911,470.2,3,"EY,S4,TP","BE1,BEH"
PMI-MRS,PMI,MRS,Palma de Mallorca,"Marignane, Bouches-du-Rhône",ES,FR,39.551701,2.73881,43.438088,5.2125,478.7,3,"FR,IB,VY","320,738"
MRS-PMI,MRS,PMI,"Marignane, Bouches-du-Rhône",Palma de Mallorca,FR,ES,43.438088,5.2125,39.551701,2.73881,478.7,3,"FR,IB,VY","320,738"
MXP-LUX,MXP,LUX,Ferno (VA),Luxembourg,IT,LU,45.6306,8.72811,49.626845,6.212134,482.6,3,"AZ,LG,U2","319,DH4 ER4"
LUX-MXP,LUX,MXP,Luxembourg,Ferno (VA),LU,IT,49.626845,6.212134,45.6306,8.72811,482.6,3,"AZ,LG,U2","319,DH4 ER4"
AMS-MAN,AMS,MAN,Amsterdam,"Manchester, Greater Manchester",NL,GB,52.308601,4.76389,53.349375,-2.279521,486.9,3,"CI,KL,U2","320 319,737 E90 F70,737 EMJ F70"
PRG-HAM,PRG,HAM,Prague,Hamburg,CZ,DE,50.100874,14.259911,53.630402,9.98823,489.8,3,"4U,OK,QS","319 AT7,319 AT7 AT4,CRJ"
HAM-PRG,HAM,PRG,Hamburg,Prague,DE,CZ,53.630402,9.98823,50.100874,14.259911,489.8,3,"4U,OK,QS","319 AT7,319 AT7 AT4,CRJ"
BCN-NCE,BCN,NCE,Barcelona,"Nice, Alpes-Maritimes",ES,FR,41.2971,2.07846,43.658401,7.21587,496.3,3,"IB,U2,VY","319 320,320"
NCE-BCN,NCE,BCN,"Nice, Alpes-Maritimes",Barcelona,FR,ES,43.658401,7.21587,41.2971,2.07846,496.3,3,"IB,U2,VY","319 320,320"
ABZ-SVG,ABZ,SVG,Aberdeen,Stavanger,GB,NO,57.2019,-2.19778,58.876701,5.63778,497.0,3,"SK,T3,WF","736 73G,DH4,ER3 J41"
SVG-ABZ,SVG,ABZ,Stavanger,Aberdeen,NO,GB,58.876701,5.63778,57.2019,-2.19778,497.0,3,"SK,T3,WF","736 73G,DH4,ER3 J41"
DUS-LHR,DUS,LHR,Düsseldorf,London,DE,GB,51.289501,6.76678,51.470748,-0.459909,501.8,3,"AA,BA,LH","319 320,320 CR9"
LHR-DUS,LHR,DUS,London,Düsseldorf,GB,DE,51.470748,-0.459909,51.289501,6.76678,501.8,3,"AA,BA,LH","319 320,320 CR9"
BLL-OSL,BLL,OSL,Billund,Oslo (Gardermoen),DK,NO,55.740335,9.157019,60.193901,11.1004,508.2,3,"BA,DY,SK","733 73H,AT7,FRJ"
OSL-BLL,OSL,BLL,Oslo (Gardermoen),Billund,NO,DK,60.193901,11.1004,55.740335,9.157019,508.2,3,"BA,DY,SK","733 73H,AT7,FRJ"
ZRH-PRG,ZRH,PRG,Zurich,Prague,CH,CZ,47.458056,8.548056,50.100874,14.259911,511.2,3,"LX,OK,QS","AR1,AT7,AT7 AT4"
PRG-ZRH,PRG,ZRH,Prague,Zurich,CZ,CH,50.100874,14.259911,47.458056,8.548056,511.2,3,"LX,OK,QS","AR1,AT7,AT7 AT4"
OSL-CPH,OSL,CPH,Oslo (Gardermoen),Copenhagen,NO,DK,60.193901,11.1004,55.617900848389,12.656000137329,517.0,3,"DY,PK,SK","73H 733,73H 73G 321 320 738 319 73W 736,777"
PRG-WAW,PRG,WAW,Prague,Warsaw,CZ,PL,50.100874,14.259911,52.165699,20.9671,521.0,3,"LO,OK,QS","AT7 AT4,E75 E70"
WAW-PRG,WAW,PRG,Warsaw,Prague,PL,CZ,52.165699,20.9671,50.100874,14.259911,521.0,3,"LO,OK,QS","AT7 AT4,E75 E70"
BRS-AMS,BRS,AMS,Bristol,Amsterdam,GB,NL,51.382326,-2.716453,52.308601,4.76389,523.8,3,"AZ,KL,U2","320 319,E90,EMJ"
