id,ident,type,name,municipality,iso_country,iso_region,iata_code,icao_code,latitude_deg,longitude_deg
3972,LATI,large_airport,Tirana International Airport Mother Teresa,Rinas,AL,AL-02,TIA,LATI,41.4147,19.7206
4430,LOWG,large_airport,Graz Airport,Feldkirchen bei Graz,AT,AT-6,GRZ,LOWG,46.9911,15.4396
4431,LOWI,large_airport,Innsbruck Airport,Innsbruck,AT,AT-7,INN,LOWI,47.260201,11.344
4435,LOWK,large_airport,Klagenfurt Airport,Klagenfurt am Wörthersee,AT,AT-2,KLU,LOWK,46.642502,14.3377
4432,LOWL,large_airport,Linz-Hörsching Airport,Linz,AT,AT-4,LNZ,LOWL,48.235362,14.188128
4433,LOWS,large_airport,Salzburg Airport,Salzburg,AT,AT-5,SZG,LOWS,47.793301,13.0043
4434,LOWW,large_airport,Vienna International Airport,Vienna,AT,AT-9,VIE,LOWW,48.110298,16.5697
4470,LQTZ,large_airport,Tuzla International Airport,Dubrave Gornje,BA,BA-BIH,TZL,LQTZ,44.459858,18.723627
4467,LQBK,large_airport,Banja Luka International Airport,Mahovljani,BA,BA-SRP,BNX,LQBK,44.941399,17.297501
4468,LQMO,large_airport,Mostar International Airport,Mostar,BA,BA-BIH,OMO,LQMO,43.282489,17.846101
4469,LQSA,large_airport,Sarajevo International Airport,Sarajevo,BA,BA-BIH,SJJ,LQSA,43.8246,18.331499
2152,EBAW,medium_airport,Antwerp International Airport (Deurne),Antwerp,BE,BE-VAN,ANR,EBAW,51.190667,4.463153
2157,EBCI,large_airport,Brussels South Charleroi Airport,Charleroi,BE,BE-WHT,CRL,EBCI,50.461963,4.459562
2162,EBLG,medium_airport,Liège Airport,Grâce-Hollogne,BE,BE-WLG,LGG,EBLG,50.638574,5.443897
2163,EBOS,large_airport,Ostend-Bruges International Airport,Oostende,BE,BE-VWV,OST,EBOS,51.1998,2.874673
2155,EBBR,large_airport,Brussels Airport,Zaventem,BE,BE-VBR,BRU,EBBR,50.901402,4.48444
3974,LBBG,large_airport,Burgas Airport,Burgas,BG,BG-02,BOJ,LBBG,42.569917,27.515173
3976,LBPD,large_airport,Plovdiv International Airport,Plovdiv,BG,BG-16,PDV,LBPD,42.067799,24.8508
3977,LBSF,large_airport,Sofia Airport,Sofia,BG,BG-22,SOF,LBSF,42.696357,23.417671
3979,LBWN,large_airport,Varna Airport,Varna,BG,BG-03,VAR,LBWN,43.232101,27.8251
6495,UMBB,large_airport,Brest International Airport,Brest,BY,BY-BR,BQT,UMBB,52.108138,23.89676
6496,UMGG,medium_airport,Gomel Airport,Gomel,BY,BY-HO,GME,UMGG,52.527000427246094,31.016700744628903
6501,UMMS,large_airport,Minsk National Airport,Minsk,BY,BY-MI,MSQ,UMMS,53.888071,28.039964
6502,UMOO,medium_airport,Mogilev Airport,Mogilev,BY,BY-MA,MVQ,UMOO,53.95489883422851,30.09510040283203
4502,LSZA,medium_airport,Lugano Airport,Agno,CH,CH-TI,LUG,LSZA,46.004299,8.91058
4503,LSZB,medium_airport,Bern Airport,Bern,CH,CH-BE,BRN,LSZB,46.912736,7.498819
4490,LSGG,large_airport,Geneva International Airport,Geneva,CH,CH-GE,GVA,LSGG,46.238098,6.10895
4506,LSZR,medium_airport,Sankt Gallen Altenrhein Airport,St. Gallen,CH,CH-SG,ACH,LSZR,47.485001,9.56077
4505,LSZH,large_airport,Zürich Airport,Zurich,CH,CH-ZH,ZRH,LSZH,47.458056,8.548056
4409,LKTB,medium_airport,Brno-Tuřany Airport,Brno,CZ,CZ-JM,BRQ,LKTB,49.151276,16.693972
4399,LKKV,large_airport,Karlovy Vary Airport,Karlovy Vary,CZ,CZ-KA,KLV,LKKV,50.202999,12.915
4402,LKMT,large_airport,Leoš Janáček Airport Ostrava,Mošnov,CZ,CZ-MO,OSR,LKMT,49.696301,18.111099
4405,LKPD,large_airport,Pardubice Airport,Pardubice,CZ,CZ-PA,PED,LKPD,50.015049,15.73981
4408,LKPR,large_airport,Václav Havel Airport Prague,Prague,CZ,CZ-PR,PRG,LKPR,50.100874,14.259911
4393,LKCS,large_airport,České Budějovice South Bohemian Airport,České Budějovice,CZ,CZ-JC,JCL,LKCS,48.948171,14.42832
301881,EDDB,large_airport,Berlin Brandenburg Airport,Berlin,DE,DE-BR,BER,EDDB,52.361738,13.502341
2225,EDDW,large_airport,Bremen Airport,Bremen,DE,DE-HB,BRE,EDDW,53.046786,8.78932
2244,EDLP,large_airport,Paderborn Lippstadt Airport,Büren,DE,DE-NW,PAD,EDLP,51.612527,8.617459
2285,EDVK,large_airport,Kassel Airport,Calden,DE,DE-HE,KSF,EDVK,51.418395,9.391638
2247,EDLW,large_airport,Dortmund Airport,Dortmund,DE,DE-NW,DTM,EDLW,51.518299,7.61224
2210,EDDC,large_airport,Dresden Airport,Dresden,DE,DE-SN,DRS,EDDC,51.134123,13.767831
2217,EDDL,large_airport,Düsseldorf Airport,Düsseldorf,DE,DE-NW,DUS,EDDL,51.289501,6.76678
2211,EDDE,large_airport,Erfurt-Weimar Airport,Erfurt,DE,DE-TH,ERF,EDDE,50.978281,10.960713
2212,EDDF,large_airport,Frankfurt Main Airport,Frankfurt am Main,DE,DE-HE,FRA,EDDF,50.026706,8.55835
2227,EDFH,large_airport,Frankfurt-Hahn Airport,Frankfurt am Main (Lautzenhausen),DE,DE-RP,HHN,EDFH,49.946353,7.261734
2256,EDNY,large_airport,Bodensee Airport Friedrichshafen,Friedrichshafen,DE,DE-BW,FDH,EDNY,47.671299,9.51149
2213,EDDG,large_airport,Münster Osnabrück Airport,Greven,DE,DE-NW,FMO,EDDG,52.133816,7.688482
2214,EDDH,large_airport,Hamburg Helmut Schmidt Airport,Hamburg,DE,DE-HH,HAM,EDDH,53.630402,9.98823
2224,EDDV,large_airport,Hannover Airport,Hannover,DE,DE-NI,HAJ,EDDV,52.461102,9.68508
2216,EDDK,large_airport,Cologne Bonn Airport,Köln (Cologne),DE,DE-NW,CGN,EDDK,50.865898,7.14274
2739,ETNL,medium_airport,Rostock-Laage Airport,Laage,DE,DE-MV,RLG,ETNL,53.918201,12.2783
2236,EDHL,medium_airport,Lübeck Blankensee Airport,Lübeck,DE,DE-SH,LBC,EDHL,53.805401,10.7192
2228,EDFM,medium_airport,Mannheim-City Airport,Mannheim,DE,DE-BW,MHG,EDFM,49.473057,8.514167
2237,EDJA,large_airport,Memmingen Allgau Airport,Memmingen,DE,DE-BY,FMM,EDJA,47.988092,10.238248
2218,EDDM,large_airport,Munich Airport,Munich,DE,DE-BY,MUC,EDDM,48.353802,11.7861
2219,EDDN,large_airport,Nuremberg Airport,Nuremberg,DE,DE-BY,NUE,EDDN,49.498699,11.078056
2270,EDSB,large_airport,Karlsruhe Baden-Baden Airport,Rheinmünster,DE,DE-BW,FKB,EDSB,48.7794,8.0805
2221,EDDR,medium_airport,Saarbrücken Airport,Saarbrücken,DE,DE-SL,SCN,EDDR,49.214545,7.109735
2220,EDDP,large_airport,Leipzig/Halle Airport,Schkeuditz,DE,DE-SN,LEJ,EDDP,51.420657,12.232705
2222,EDDS,large_airport,Stuttgart Airport,Stuttgart,DE,DE-BW,STR,EDDS,48.689899,9.22196
2296,EDXW,medium_airport,Westerland Sylt Airport,Sylt,DE,DE-SH,GWT,EDXW,54.9132,8.34047
2246,EDLV,large_airport,Weeze (Niederrhein) Airport,Weeze,DE,DE-NW,NRN,EDLV,51.601362,6.141228
2734,ETMN,medium_airport,Sea-Airport Cuxhaven/Nordholz / Nordholz Naval Airbase,Wurster Nordseeküste,DE,DE-NI,FCN,ETMN,53.767689,8.659201
2187,EDAH,medium_airport,Heringsdorf Airport,Zirchow,DE,DE-MV,HDF,EDAH,53.8787,14.1523
2562,EKYT,large_airport,Aalborg Airport,Aalborg,DK,DK-81,AAL,EKYT,57.094763,9.84993
2540,EKAH,large_airport,Aarhus Airport,Aarhus,DK,DK-82,AAR,EKAH,56.303331,10.618286
2541,EKBI,large_airport,Billund Airport,Billund,DK,DK-83,BLL,EKBI,55.740335,9.157019
2542,EKCH,large_airport,Copenhagen Kastrup Airport,Copenhagen,DK,DK-84,CPH,EKCH,55.617900848389,12.656000137329
2543,EKEB,medium_airport,Esbjerg Airport,Esbjerg,DK,DK-83,EBJ,EKEB,55.525902,8.5534
2546,EKKA,medium_airport,Midtjyllands Airport / Air Base Karup,Karup,DK,DK-82,KRP,EKKA,56.297139,9.104311
2549,EKOD,large_airport,Odense Hans Christian Andersen Airport,Odense,DK,DK-83,ODE,EKOD,55.475307,10.327206
2551,EKRK,medium_airport,Copenhagen Roskilde Airport,Roskilde,DK,DK-85,RKE,EKRK,55.585602,12.1314
2552,EKRN,medium_airport,Bornholm Airport,Rønne,DK,DK-84,RNN,EKRN,55.063301,14.7596
2553,EKSB,medium_airport,Sønderborg Airport,Sønderborg,DK,DK-83,SGD,EKSB,54.96440124511719,9.791729927062988
2299,EEKE,medium_airport,Kuressaare Airport,Kuressaare,EE,EE-74,URE,EEKE,58.22990036010742,22.50950050354004
2298,EEKA,medium_airport,Kärdla Airport,Kärdla,EE,EE-39,KDL,EEKA,58.99079895019531,22.830699920654297
2300,EEPU,medium_airport,Pärnu Airport,Pärnu,EE,EE-67,EPU,EEPU,58.41899871826172,24.47279930114746
2301,EETN,large_airport,Lennart Meri Tallinn Airport,Tallinn,EE,EE-37,TLL,EETN,59.413246,24.83264
2302,EETU,medium_airport,Tartu Airport,Tartu,EE,EE-7B,TAY,EETU,58.307438,26.686473
4045,LEVT,medium_airport,Vitoria Airport,Alava,ES,ES-PV,VIT,LEVT,42.882801,-2.72447
3997,LEAL,large_airport,Alicante-Elche Miguel Hernández Airport,Alicante,ES,ES-VC,ALC,LEAL,38.2822,-0.558156
3998,LEAM,medium_airport,Almería Airport,Almería,ES,ES-AN,LEI,LEAM,36.843899,-2.3701
4005,LEBZ,medium_airport,Badajoz Airport,Badajoz,ES,ES-EX,BJZ,LEBZ,38.8913,-6.82133
4004,LEBL,large_airport,Josep Tarradellas Barcelona-El Prat Airport,Barcelona,ES,ES-CT,BCN,LEBL,41.2971,2.07846
4001,LEBB,large_airport,Bilbao Airport,Bilbao,ES,ES-PV,BIO,LEBB,43.301102,-2.91061
300859,LECH,medium_airport,Castellón-Costa Azahar Airport,Castellón de la Plana,ES,ES-VC,CDT,LECH,40.213889,0.073333
308134,LEMI,large_airport,Region of Murcia International Airport,Corvera,ES,ES-MC,RMU,LEMI,37.802852,-1.124884
4007,LECO,medium_airport,A Coruña Airport,Culleredo,ES,ES-GA,LCG,LECO,43.302101,-8.37726
4000,LEBA,medium_airport,Córdoba Airport,Córdoba,ES,ES-AN,ODB,LEBA,37.841999,-4.84888
4010,LEGE,large_airport,Girona-Costa Brava Airport,Girona,ES,ES-CT,GRO,LEGE,41.904639,2.761774
4011,LEGR,medium_airport,F.G.L. Airport Granada-Jaén Airport,Granada,ES,ES-AN,GRX,LEGR,37.188702,-3.77736
4037,LESO,medium_airport,San Sebastián Airport,Hondarribia,ES,ES-PV,EAS,LESO,43.356499,-1.79061
4013,LEIB,large_airport,Ibiza Airport,Ibiza (Eivissa),ES,ES-IB,IBZ,LEIB,38.872898,1.37312
4015,LEJR,medium_airport,Jerez Airport,Jerez de la Frontera,ES,ES-AN,XRY,LEJR,36.744598,-6.06011
4039,LESU,medium_airport,Pirineus - la Seu d'Urgel Airport,La Seu d'Urgell Pyrenees and Andorra,ES,ES-CT,LEU,LESU,42.3386,1.40917
4018,LELN,medium_airport,León Airport,La Virgen del Camino,ES,ES-CL,LEN,LELN,42.590709,-5.653406
308328,LEDA,medium_airport,Lleida-Alguaire Airport,Lleida,ES,ES-CT,ILD,LEDA,41.728185,0.535023
4019,LEMD,large_airport,Adolfo Suárez Madrid–Barajas Airport,Madrid,ES,ES-MD,MAD,LEMD,40.493407,-3.572249
4021,LEMH,large_airport,Menorca Airport,Mahón (Maó),ES,ES-IB,MAH,LEMH,39.862598,4.21865
4020,LEMG,large_airport,Málaga-Costa del Sol Airport,Málaga,ES,ES-AN,AGP,LEMG,36.6749,-4.49911
4035,LEPA,large_airport,Palma de Mallorca Airport,Palma de Mallorca,ES,ES-IB,PMI,LEPA,39.551701,2.73881
4025,LEPP,medium_airport,Pamplona Airport,Pamplona,ES,ES-NC,PNA,LEPP,42.77,-1.64633
3999,LEAS,large_airport,Asturias Airport,Ranón,ES,ES-AS,OVD,LEAS,43.563599,-6.03462
4031,LERS,large_airport,Reus Airport,Reus,ES,ES-CT,REU,LERS,41.147509,1.168354
4033,LESA,medium_airport,Salamanca Airport,Salamanca,ES,ES-CL,SLM,LESA,40.952099,-5.50199
4047,LEXJ,medium_airport,Seve Ballesteros-Santander Airport,Santander,ES,ES-CB,SDR,LEXJ,43.427101,-3.82001
4038,LEST,large_airport,Santiago-Rosalía de Castro Airport,Santiago de Compostela,ES,ES-GA,SCQ,LEST,42.896301,-8.41514
4049,LEZL,large_airport,Seville Airport,Seville,ES,ES-AN,SVQ,LEZL,37.417999,-5.89311
4042,LEVC,large_airport,Valencia Airport,Valencia,ES,ES-VC,VLC,LEVC,39.489162,-0.480961
4043,LEVD,medium_airport,Valladolid Airport,Valladolid,ES,ES-CL,VLL,LEVD,41.7061,-4.85194
4046,LEVX,medium_airport,Vigo Airport,Vigo,ES,ES-GA,VGO,LEVX,42.2318,-8.62677
4048,LEZG,large_airport,Zaragoza Airport,Zaragoza,ES,ES-AR,ZAZ,LEZG,41.666199,-1.04155
2303,EFET,medium_airport,Enontekio Airport,Enontekio,FI,FI-10,ENF,EFET,68.362602233887,23.424299240112
2307,EFHK,large_airport,Helsinki Vantaa Airport,Helsinki (Vantaa),FI,FI-18,HEL,EFHK,60.318363,24.963341
2314,EFIV,large_airport,Ivalo Airport,Ivalo,FI,FI-10,IVL,EFIV,68.6073,27.4053
2315,EFJO,medium_airport,Joensuu Airport,Joensuu,FI,FI-13,JOE,EFJO,62.658815,29.619398
2316,EFJY,medium_airport,Jyväskylä Airport,Jyväskylän Maalaiskunta,FI,FI-08,JYV,EFJY,62.399502,25.678301
2319,EFKI,medium_airport,Kajaani Airport,Kajaani,FI,FI-05,KAJ,EFKI,64.2855,27.6924
2318,EFKE,medium_airport,Kemi-Tornio Airport,Kemi / Tornio,FI,FI-10,KEM,EFKE,65.778701782227,24.582099914551
2325,EFKT,large_airport,Kittilä International Airport,Kittilä,FI,FI-10,KTT,EFKT,67.700996,24.8468
2321,EFKK,medium_airport,Kokkola-Pietarsaari Airport,Kokkola / Kruunupyy,FI,FI-07,KOK,EFKK,63.721199,23.143101
2326,EFKU,large_airport,Kuopio Airport,Kuopio / Siilinjärvi,FI,FI-15,KUO,EFKU,63.007099,27.7978
2324,EFKS,medium_airport,Kuusamo Airport,Kuusamo,FI,FI-14,KAO,EFKS,65.987602,29.239401
2329,EFLP,large_airport,Lappeenranta Airport,Lappeenranta,FI,FI-02,LPP,EFLP,61.044601,28.144743
2330,EFMA,large_airport,Mariehamn Airport,Mariehamn,FI,FI-01,MHQ,EFMA,60.1222,19.898199
2334,EFOU,large_airport,Oulu Airport,Oulu / Oulunsalo,FI,FI-14,OUL,EFOU,64.930099,25.354601
2336,EFPO,medium_airport,Pori Airport,Pori,FI,FI-17,POR,EFPO,61.4617,21.799999
2341,EFRO,large_airport,Rovaniemi Airport,Rovaniemi,FI,FI-10,RVN,EFRO,66.563327,25.829751
2343,EFSA,medium_airport,Savonlinna Airport,Savonlinna,FI,FI-04,SVL,EFSA,61.9431,28.945101
2347,EFTP,large_airport,Tampere-Pirkkala Airport,Tampere / Pirkkala,FI,FI-11,TMP,EFTP,61.414101,23.604401
2349,EFTU,large_airport,Turku Airport,Turku,FI,FI-19,TKU,EFTU,60.514099,22.2628
2351,EFVA,large_airport,Vaasa Airport,Vaasa,FI,FI-12,VAA,EFVA,63.05023,21.762543
2559,EKVG,large_airport,Vágar Airport,Vágar,FO,FO-U-A,FAE,EKVG,62.063256,-7.275782
4126,LFKJ,medium_airport,Ajaccio Napoléon Bonaparte airport,Ajaccio,FR,FR-COR,AJA,LFKJ,41.923599,8.80292
4141,LFLP,medium_airport,Annecy Meythet airport,Annecy,FR,FR-ARA,NCY,LFLP,45.928947,6.0987
4146,LFLW,medium_airport,Aurillac airport,Aurillac,FR,FR-ARA,AUR,LFLW,44.891399,2.42194
4163,LFMV,medium_airport,Avignon Caumont airport,Avignon,FR,FR-PAC,AVN,LFMV,43.907299,4.90183
4123,LFKB,large_airport,Bastia-Poretta International airport,Bastia,FR,FR-COR,BIA,LFKB,42.5527,9.48373
4169,LFOB,large_airport,Beauvais-Tillé airport,Beauvais,FR,FR-HDF,BVA,LFOB,49.454399,2.11278
4061,LFBE,medium_airport,Bergerac Dordogne-Périgord airport,Bergerac,FR,FR-NAQ,EGC,LFBE,44.825298,0.518611
4077,LFBZ,medium_airport,Biarritz Pays Basque airport,Biarritz,FR,FR-NAQ,BIQ,LFBZ,43.468372,-1.523223
4060,LFBD,large_airport,Bordeaux–Mérignac Airport,Bordeaux,FR,FR-NAQ,BOD,LFBD,44.82865,-0.715356
4206,LFRB,large_airport,Brest Bretagne airport,Brest,FR,FR-BRE,BES,LFRB,48.447899,-4.41854
29001,LFSL,medium_airport,Brive Souillac airport,Brive,FR,FR-NAQ,BVE,LFSL,45.039722,1.485556
4226,LFSB,large_airport,EuroAirport Basel–Mulhouse–Freiburg,Bâle / Mulhouse,FR,FR-GES,BSL,LFSB,47.60068,7.521117
4162,LFMU,medium_airport,Béziers Vias airport,Béziers,FR,FR-OCC,BZR,LFMU,43.323502,3.3539
4215,LFRK,medium_airport,Caen Carpiquet airport,Caen,FR,FR-NOR,CFR,LFRK,49.17678,-0.454883
4124,LFKC,medium_airport,Calvi Sainte Catherine Airport,Calvi,FR,FR-COR,CLY,LFKC,42.530422,8.792984
4154,LFMK,medium_airport,Carcassonne Salvaza Airport,Carcassonne,FR,FR-OCC,CCF,LFMK,43.216,2.30632
4082,LFCK,medium_airport,Castres Mazamet Airport,Castres,FR,FR-OCC,DCM,LFCK,43.556301,2.28918
4176,LFOK,medium_airport,Chalons Vatry airport,Chalons en Champagne,FR,FR-GES,XCR,LFOK,48.77333,4.20611
4131,LFLB,medium_airport,Chambéry Aix les Bains airport,Chambéry,FR,FR-ARA,CMF,LFLB,45.6381,5.88023
4132,LFLC,large_airport,Clermont-Ferrand Auvergne airport,Clermont-Ferrand,FR,FR-ARA,CFE,LFLC,45.786701,3.16917
4137,LFLL,large_airport,Lyon Saint-Exupéry Airport,"Colombier-Saugnieu, Rhône",FR,FR-ARA,LYS,LFLL,45.725996,5.090139
4211,LFRG,medium_airport,Deauville Normandie airport,Deauville,FR,FR-NOR,DOL,LFRG,49.365237,0.154481
4228,LFSD,medium_airport,Dijon Longvic airport,Dijon,FR,FR-BFC,DIJ,LFSD,47.268902,5.09
4208,LFRD,medium_airport,Dinard Pleurtuit Saint-Malo airport,Dinard,FR,FR-BRE,DNR,LFRD,48.5877,-2.07996
4107,LFGJ,medium_airport,Dole Tavaux Airport,Dole,FR,FR-BFC,DLE,LFGJ,47.038955,5.427589
4125,LFKF,large_airport,Figari Sud-Corse Airport,Figari,FR,FR-COR,FSC,LFKF,41.50185,9.097092
4120,LFJL,medium_airport,Metz-Nancy-Lorraine Airport,Goin,FR,FR-GES,ETZ,LFJL,48.982101,6.25132
4142,LFLS,medium_airport,Grenoble Alpes Isère Airport,Grenoble,FR,FR-ARA,GNB,LFLS,45.3629,5.32937
4241,LFTH,medium_airport,Toulon-Hyères Airport,"Hyères, Var",FR,FR-PAC,TLN,LFTH,43.097301,6.14603
4064,LFBH,medium_airport,La Rochelle Île de Ré Airport,La Rochelle,FR,FR-NAQ,LRH,LFBH,46.179199,-1.19528
4217,LFRM,medium_airport,Le Mans-Arnage Airport,"Le Mans, Sarthe",FR,FR-PDL,LME,LFRM,47.948604,0.201702
4202,LFQQ,large_airport,Lille Airport,Lesquin,FR,FR-HDF,LIL,LFQQ,50.566564,3.102429
4067,LFBL,medium_airport,Limoges Airport,Limoges/Bellegarde,FR,FR-NAQ,LIG,LFBL,45.862801,1.17944
4212,LFRH,medium_airport,Lorient South Brittany (Bretagne Sud) Airport,Lorient/Lann/Bihoué,FR,FR-BRE,LRT,LFRH,47.760601,-3.44
4155,LFML,large_airport,Marseille Provence Airport,"Marignane, Bouches-du-Rhône",FR,FR-PAC,MRS,LFML,43.438088,5.2125
4161,LFMT,large_airport,Montpellier-Méditerranée Airport,Montpellier/Méditerranée,FR,FR-OCC,MPL,LFMT,43.576199,3.96301
4221,LFRS,medium_airport,Nantes Atlantique Airport,Nantes,FR,FR-PDL,NTE,LFRS,47.153198,-1.61073
4156,LFMN,large_airport,Nice-Côte d'Azur Airport,"Nice, Alpes-Maritimes",FR,FR-PAC,NCE,LFMN,43.658401,7.21587
4242,LFTW,medium_airport,Nîmes-Arles-Camargue Airport,Nîmes/Garons,FR,FR-OCC,FNI,LFTW,43.757401,4.41635
4183,LFPB,large_airport,Paris-Le Bourget International Airport,Paris,FR,FR-IDF,LBG,LFPB,48.962276,2.436539
4189,LFPO,large_airport,Paris-Orly Airport,"Paris (Orly, Val-de-Marne)",FR,FR-IDF,ORY,LFPO,48.729499,2.358963
4185,LFPG,large_airport,Charles de Gaulle International Airport,"Paris (Roissy-en-France, Val-d'Oise)",FR,FR-IDF,CDG,LFPG,49.00896,2.554117
4071,LFBP,medium_airport,Pau Pyrénées Airport,Pau/Pyrénées (Uzein),FR,FR-NAQ,PUF,LFBP,43.380001,-0.418611
4158,LFMP,medium_airport,Perpignan-Rivesaltes (Llabanère) Airport,Perpignan/Rivesaltes,FR,FR-OCC,PGF,LFMP,42.740398,2.87067
4065,LFBI,medium_airport,Poitiers-Biard Airport,Poitiers/Biard,FR,FR-NAQ,PIS,LFBI,46.5877,0.306666
4086,LFCR,medium_airport,Rodez–Aveyron Airport,Rodez/Marcillac,FR,FR-OCC,RDZ,LFCR,44.407902,2.48267
4218,LFRN,medium_airport,Rennes-Saint-Jacques Airport,"Saint-Jacques-de-la-Lande, Ille-et-Vilaine",FR,FR-BRE,RNS,LFRN,48.0695,-1.73479
4225,LFRZ,medium_airport,Saint-Nazaire-Montoir Airport,Saint-Nazaire/Montoir,FR,FR-PDL,SNR,LFRZ,47.31142,-2.152634
4238,LFST,large_airport,Strasbourg Airport,Strasbourg,FR,FR-GES,SXB,LFST,48.5383,7.62823
4073,LFBT,medium_airport,Tarbes-Lourdes-Pyrénées Airport,Tarbes/Lourdes/Pyrénées,FR,FR-OCC,LDE,LFBT,43.178699,-0.006439
4070,LFBO,large_airport,Toulouse-Blagnac Airport,Toulouse/Blagnac,FR,FR-OCC,TLS,LFBO,43.629101,1.36382
4179,LFOT,medium_airport,Tours Val de Loire Airport,"Tours, Indre-et-Loire",FR,FR-CVL,TUF,LFOT,47.432201,0.727606
2459,EGPD,large_airport,Aberdeen International Airport,Aberdeen,GB,GB-SCT,ABZ,EGPD,57.2019,-2.19778
2469,EGPU,medium_airport,Tiree Airport,"Balemartine, Argyll and Bute",GB,GB-SCT,TRE,EGPU,56.499199,-6.86917
2465,EGPL,medium_airport,Benbecula Airport,Balivanich,GB,GB-SCT,BEB,EGPL,57.481098,-7.36278
2385,EGAA,large_airport,Belfast International Airport,Belfast,GB,GB-NIR,BFS,EGAA,54.6575012207,-6.2158298492399995
2387,EGAC,medium_airport,George Best Belfast City Airport,Belfast,GB,GB-NIR,BHD,EGAC,54.618099,-5.8725
2389,EGBB,large_airport,Birmingham Airport,"Birmingham, West Midlands",GB,GB-ENG,BHX,EGBB,52.453899,-1.74803
2421,EGHH,medium_airport,Bournemouth Airport,Bournemouth,GB,GB-ENG,BOH,EGHH,50.780483,-1.839576
2417,EGGD,large_airport,Bristol Airport,Bristol,GB,GB-ENG,BRS,EGGD,51.382326,-2.716453
2411,EGEC,medium_airport,Campbeltown Airport,Campbeltown,GB,GB-SCT,CAL,EGEC,55.437199,-5.68639
2415,EGFF,large_airport,Cardiff International Airport,Cardiff,GB,GB-WLS,CWL,EGFF,51.396702,-3.34333
2449,EGNV,medium_airport,Teesside International Airport,"Darlington, Durham",GB,GB-ENG,MME,EGNV,54.509201,-1.42941
2388,EGAE,medium_airport,City of Derry Airport,"Derry, Derry and Strabane",GB,GB-NIR,LDY,EGAE,55.042801,-7.16111
2467,EGPN,medium_airport,Dundee Airport,Dundee,GB,GB-SCT,DND,EGPN,56.452499,-3.02583
29126,EGED,medium_airport,Eday Airport,Eday,GB,GB-SCT,EOI,EGED,59.19060134887695,-2.7722198963165283
2462,EGPH,large_airport,Edinburgh Airport,Edinburgh,GB,GB-SCT,EDI,EGPH,55.950145,-3.372288
29173,EGPR,medium_airport,Barra Airport,Eoligarry,GB,GB-SCT,BRR,EGPR,57.0228,-7.44306
2481,EGTE,medium_airport,Exeter International Airport,"Exeter, Devon",GB,GB-ENG,EXT,EGTE,50.734261,-3.413984
2461,EGPF,large_airport,Glasgow Airport,Glasgow,GB,GB-SCT,GLA,EGPF,55.871899,-4.43306
2442,EGNJ,medium_airport,Humberside Airport,"Grimsby, Lincolnshire",GB,GB-ENG,HUY,EGNJ,53.576152,-0.34954
2460,EGPE,medium_airport,Inverness Airport,Inverness,GB,GB-SCT,INV,EGPE,57.5425,-4.0475
2463,EGPI,medium_airport,Islay Airport,"Isle of Islay, Argyll and Bute",GB,GB-SCT,ILY,EGPI,55.682708,-6.257525
2456,EGPA,medium_airport,Kirkwall Airport,"Kirkwall, Orkney Islands",GB,GB-SCT,KOI,EGPA,58.957903,-2.905077
2444,EGNM,large_airport,Leeds Bradford Airport,"Leeds, West Yorkshire",GB,GB-ENG,LBA,EGNM,53.865898,-1.66057
2457,EGPB,medium_airport,Sumburgh Airport,"Lerwick, Shetland",GB,GB-SCT,LSI,EGPB,59.878899,-1.29556
2418,EGGP,large_airport,Liverpool John Lennon Airport,Liverpool,GB,GB-ENG,LPL,EGGP,53.334863,-2.849637
2430,EGLC,medium_airport,London City Airport,London,GB,GB-ENG,LCY,EGLC,51.505299,0.055278
2429,EGKK,large_airport,London Gatwick Airport,London,GB,GB-ENG,LGW,EGKK,51.148744,-0.185739
2434,EGLL,large_airport,London Heathrow Airport,London,GB,GB-ENG,LHR,EGLL,51.470748,-0.459909
2476,EGSS,large_airport,London Stansted Airport,"London, Essex",GB,GB-ENG,STN,EGSS,51.884998,0.235
2419,EGGW,large_airport,London Luton Airport,"Luton, Luton",GB,GB-ENG,LTN,EGGW,51.874699,-0.368333
2398,EGCC,large_airport,Manchester Airport,"Manchester, Greater Manchester",GB,GB-ENG,MAN,EGCC,53.349375,-2.279521
2448,EGNT,large_airport,Newcastle International Airport,"Newcastle upon Tyne, Tyne and Wear",GB,GB-ENG,NCL,EGNT,55.037958,-1.689577
2404,EGHQ,medium_airport,Cornwall Airport Newquay,Newquay,GB,GB-ENG,NQY,EGHQ,50.440601,-4.99541
2475,EGSH,medium_airport,Norwich Airport,"Norwich, Norfolk",GB,GB-ENG,NWI,EGSH,52.6758,1.28278
2450,EGNX,large_airport,East Midlands Airport,"Nottingham, Leicestershire",GB,GB-ENG,EMA,EGNX,52.8311,-1.32806
2464,EGPK,large_airport,Glasgow Prestwick Airport,"Prestwick, South Ayrshire",GB,GB-SCT,PIK,EGPK,55.501499,-4.577182
2422,EGHI,medium_airport,Southampton Airport,Southampton,GB,GB-ENG,SOU,EGHI,50.950298,-1.3568
2435,EGMC,medium_airport,London Southend Airport,"Southend-on-Sea, Essex",GB,GB-ENG,SEN,EGMC,51.570562,0.693627
2468,EGPO,medium_airport,Stornoway Airport,"Stornoway, Western Isles",GB,GB-SCT,SYY,EGPO,58.215599,-6.33111
2458,EGPC,medium_airport,Wick John O'Groats Airport,Wick,GB,GB-SCT,WIC,EGPC,58.4589,-3.09306
2424,EGJA,medium_airport,Alderney Airport,Saint Anne,GG,GG-A,ACI,EGJA,49.706104,-2.21472
2425,EGJB,medium_airport,Guernsey Airport,Saint Peter Port,GG,GG-G,GCI,EGJB,49.435001,-2.60197
4574,LXGB,large_airport,Gibraltar Airport,Gibraltar,GI,GI-U-A,GIB,LXGB,36.151679,-5.34978
4250,LGAL,medium_airport,Alexandroupoli Democritus Airport,Alexandroupolis,GR,GR-A,AXD,LGAL,40.8559,25.956301
4255,LGHI,medium_airport,Chios Island National Airport,Chios Island,GR,GR-K,JKH,LGHI,38.34320068359375,26.140600204467773
4287,LGST,medium_airport,Sitia Airport,Crete Island,GR,GR-M,JSH,LGST,35.21609878540039,26.101299285888672
4258,LGIR,large_airport,Heraklion International Nikos Kazantzakis Airport,Heraklion,GR,GR-M,HER,LGIR,35.339699,25.1803
4257,LGIO,medium_airport,Ioannina King Pyrrhus National Airport,Ioannina,GR,GR-D,IOA,LGIO,39.6964,20.8225
4262,LGKL,medium_airport,Kalamata Airport,Kalamata,GR,GR-J,KLX,LGKL,37.06829833984375,22.02549934387207
4265,LGKP,medium_airport,Karpathos Airport,Karpathos Island,GR,GR-L,AOK,LGKP,35.421398,27.146
4268,LGKV,large_airport,Kavala Alexander the Great International Airport,Kavala,GR,GR-A,KVA,LGKV,40.9133,24.6192
4261,LGKF,medium_airport,Kefallinia Airport,Kefallinia Island,GR,GR-F,EFL,LGKF,38.12009811401367,20.500499725341797
4266,LGKR,large_airport,Corfu Ioannis Kapodistrias International Airport,Kerkyra (Corfu),GR,GR-F,CFU,LGKR,39.60145,19.912179
4269,LGKZ,medium_airport,Kozani National Airport Filippos,Kozani,GR,GR-C,KZI,LGKZ,40.286098,21.840799
4274,LGMK,medium_airport,Mykonos Island National Airport,Mykonos,GR,GR-L,JMK,LGMK,37.435101,25.348101
4275,LGMT,medium_airport,Mytilene International Airport,Mytilene,GR,GR-K,MJT,LGMT,39.057406,26.598629
4253,LGBL,medium_airport,Nea Anchialos National Airport,Nea Anchialos,GR,GR-E,VOL,LGBL,39.219601,22.7943
4280,LGRX,medium_airport,Patras Araxos Agamemnon Airport,Patras,GR,GR-G,GPA,LGRX,38.1511,21.4256
4277,LGPZ,medium_airport,Aktion National Airport,Preveza,GR,GR-D,PVK,LGPZ,38.925499,20.765301
4283,LGSM,medium_airport,Samos Airport,Samos Island,GR,GR-K,SMI,LGSM,37.689999,26.911699
4286,LGSR,large_airport,Santorini International Airport,Santorini Island,GR,GR-L,JTR,LGSR,36.400045,25.478638
4282,LGSK,medium_airport,Skiathos Island National Airport,Skiathos,GR,GR-E,JSI,LGSK,39.177101,23.5037
4251,LGAV,large_airport,Athens Eleftherios Venizelos International Airport,Spata-Artemida,GR,GR-I,ATH,LGAV,37.936401,23.9445
4293,LGTS,large_airport,Thessaloniki Macedonia International Airport,Thessaloniki,GR,GR-B,SKG,LGTS,40.51928,22.970009
4295,LGZA,medium_airport,Zakynthos International Airport Dionysios Solomos,Zakynthos,GR,GR-F,ZTH,LGZA,37.7509,20.8843
3984,LDDU,large_airport,Dubrovnik Ruđer Bošković Airport,Dubrovnik,HR,HR-19,DBV,LDDU,42.562247,18.265543
3990,LDSB,medium_airport,Brač Airport,Gornji Humac,HR,HR-17,BWK,LDSB,43.284454,16.678362
3986,LDOS,medium_airport,Osijek Airport,Osijek(Klisa),HR,HR-14,OSI,LDOS,45.462355,18.811278
3987,LDPL,large_airport,Pula Airport,Pula,HR,HR-18,PUY,LDPL,44.893501,13.9222
3989,LDRI,large_airport,Rijeka Airport,Rijeka(Omišalj),HR,HR-08,RJK,LDRI,45.216376,14.57085
3991,LDSP,large_airport,Split Saint Jerome Airport,Split,HR,HR-17,SPU,LDSP,43.538898,16.298
3993,LDZA,large_airport,Zagreb Franjo Tuđman International Airport,Velika Gorica,HR,HR-01,ZAG,LDZA,45.742901,16.0688
3994,LDZD,large_airport,Zadar Airport,Zadar,HR,HR-13,ZAD,LDZD,44.096986,15.353565
4296,LHBP,large_airport,Budapest Liszt Ferenc International Airport,Budapest,HU,HU-BU,BUD,LHBP,47.43018,19.262393
4297,LHDC,large_airport,Debrecen International Airport,Debrecen,HU,HU-HB,DEB,LHDC,47.489469,21.616278
4302,LHPP,large_airport,Pécs-Pogány International Airport,Pécs,HU,HU-BA,PEV,LHPP,45.988891,18.242044
4305,LHSM,medium_airport,Hévíz–Balaton Airport,Sármellék,HU,HU-ZA,SOB,LHSM,46.686391,17.159084
2534,EIKN,large_airport,Ireland West Airport Knock,Charlestown,IE,IE-MO,NOC,EIKN,53.910439,-8.817002
2530,EICK,large_airport,Cork International Airport,Cork,IE,IE-CO,ORK,EICK,51.841301,-8.49111
2532,EIDL,medium_airport,Donegal Airport,Donegal,IE,IE-DL,CFN,EIDL,55.0442008972168,-8.340999603271484
2533,EIDW,large_airport,Dublin Airport,Dublin,IE,IE-D,DUB,EIDW,53.428713,-6.262121
2535,EIKY,medium_airport,Kerry Airport,Farranfore,IE,IE-KY,KIR,EIKY,52.180901,-9.52378
2537,EINN,large_airport,Shannon Airport,Shannon,IE,IE-CE,SNN,EINN,52.702,-8.92482
2447,EGNS,large_airport,Isle of Man Airport,Castletown,IM,IM-U-A,IOM,EGNS,54.083081,-4.623871
117,BIAR,large_airport,Akureyri International Airport,Akureyri,IS,IS-6,AEY,BIAR,65.656573,-18.072018
119,BIEG,medium_airport,Egilsstaðir Airport,Egilsstaðir,IS,IS-7,EGS,BIEG,65.2833023071289,-14.401399612426758
31549,BIGR,medium_airport,Grímsey Airport,Grímsey/Sandvík,IS,IS-6,GRY,BIGR,66.5458,-18.0173
120,BIHN,medium_airport,Hornafjörður Airport,Höfn,IS,IS-8,HFN,BIHN,64.295601,-15.2272
123,BIKF,large_airport,Keflavik International Airport,Reykjavík,IS,IS-2,KEF,BIKF,63.985001,-22.6056
125,BIRK,medium_airport,Reykjavík Domestic Airport,Reykjavík,IS,IS-1,RKV,BIRK,64.128732,-21.93759
32593,BIVO,medium_airport,Vopnafjörður Airport,Vopnafjörður,IS,IS-7,VPN,BIVO,65.720596,-14.8506
122,BIIS,medium_airport,Ísafjörður Airport,Ísafjörður,IS,IS-4,IFJ,BIIS,66.058098,-23.1353
4330,LIEA,medium_airport,Alghero-Fertilia Airport,Alghero,IT,IT-88,AHO,LIEA,40.632099,8.29077
4310,LIBD,large_airport,Bari Karol Wojtyła International Airport,Bari,IT,IT-75,BRI,LIBD,41.138901,16.760599
4354,LIPE,large_airport,Bologna Guglielmo Marconi Airport,Bologna,IT,IT-45,BLQ,LIPE,44.5354,11.2887
4352,LIPB,medium_airport,Bolzano Airport,Bolzano (BZ),IT,IT-32,BZO,LIPB,46.459245,11.326125
4315,LIBR,large_airport,Brindisi Airport,Brindisi,IT,IT-75,BDS,LIBR,40.6576,17.947001
4332,LIEE,large_airport,Cagliari Elmas Airport,Cagliari,IT,IT-88,CAG,LIEE,39.251499,9.05428
4375,LIRJ,medium_airport,Marina di Campo Airport,Campo nell'Elba (LI),IT,IT-52,EBA,LIRJ,42.760871,10.239811
4366,LIPX,large_airport,Verona Villafranca Valerio Catullo Airport,Caselle (VR),IT,IT-34,VRN,LIPX,45.394955,10.887303
4342,LIMF,large_airport,Turin Airport,Caselle Torinese (TO),IT,IT-21,TRN,LIMF,45.200802,7.64963
4318,LICC,large_airport,Catania-Fontanarossa Airport,Catania,IT,IT-82,CTA,LICC,37.466801,15.0664
298716,LICB,medium_airport,Comiso Airport,Comiso,IT,IT-82,CIY,LICB,36.99583,14.60889
4367,LIPY,medium_airport,Marche Airport,Falconara Marittima (AN),IT,IT-57,AOI,LIPY,43.616299,13.3623
4340,LIMC,large_airport,Milan Malpensa International Airport,Ferno (VA),IT,IT-25,MXP,LIMC,45.6306,8.72811
4380,LIRQ,large_airport,"Florence Airport, Peretola",Firenze (FI),IT,IT-52,FLR,LIRQ,43.808558,11.202822
4311,LIBF,medium_airport,Foggia Gino Lisa Airport,Foggia (FG),IT,IT-75,FOG,LIBF,41.433596,15.534566
4357,LIPK,medium_airport,Forlì-Luigi Ridolfi International Airport,Forlì (FC),IT,IT-45,FRL,LIPK,44.194801,12.0701
4344,LIMJ,large_airport,Genoa Cristoforo Colombo Airport,Genova (GE),IT,IT-42,GOA,LIMJ,44.412039,8.840732
4309,LIBC,medium_airport,Crotone Sant'Anna Pythagoras Airport,Isola di Capo Rizzuto (KR),IT,IT-78,CRV,LIBC,38.9972,17.0802
4317,LICA,large_airport,Lamezia Terme Sant'Eufemia International Airport,Lamezia Terme (CZ),IT,IT-78,SUF,LICA,38.906214,16.246007
4319,LICD,medium_airport,Lampedusa Airport,Lampedusa,IT,IT-82,LMP,LICD,35.497898,12.6181
4350,LIMZ,medium_airport,Cuneo International Airport,Levaldigi (CN),IT,IT-21,CUF,LIMZ,44.547458,7.623045
4360,LIPO,medium_airport,Brescia Gabriele d'Annunzio Airport,Montichiari (BS),IT,IT-25,VBS,LIPO,45.428902,10.3306
4378,LIRN,large_airport,Naples International Airport,Napoli,IT,IT-72,NAP,LIRN,40.886002,14.2908
4333,LIEO,large_airport,Olbia Costa Smeralda Airport,Olbia (SS),IT,IT-88,OLB,LIEO,40.898953,9.518457
4341,LIME,large_airport,Il Caravaggio International Airport,Orio al Serio (BG),IT,IT-25,BGY,LIME,45.669362,9.708851
4321,LICJ,large_airport,Falcone–Borsellino Airport,Palermo,IT,IT-82,PMO,LICJ,38.175999,13.091
4320,LICG,medium_airport,Pantelleria Airport,Pantelleria (TP),IT,IT-82,PNL,LICG,36.816502,11.9689
4347,LIMP,medium_airport,Parma Airport,Parma (PR),IT,IT-45,PMF,LIMP,44.826351,10.29705
4384,LIRZ,large_airport,Perugia San Francesco d'Assisi – Umbria International Airport,Perugia (PG),IT,IT-55,PEG,LIRZ,43.095901,12.5132
4314,LIBP,large_airport,Abruzzo Airport,Pescara,IT,IT-65,PSR,LIBP,42.431079,14.182981
4379,LIRP,large_airport,Pisa International Airport,Pisa (PI),IT,IT-52,PSA,LIRP,43.683899,10.3927
4323,LICR,medium_airport,Reggio Calabria Airport,Reggio Calabria,IT,IT-78,REG,LICR,38.071201,15.6516
4362,LIPR,large_airport,Federico Fellini International Airport,Rimini (RN),IT,IT-45,RMI,LIPR,44.020024,12.612198
4370,LIRA,large_airport,Ciampino–G. B. Pastine International Airport,Rome,IT,IT-62,CIA,LIRA,41.798769,12.595331
4372,LIRF,large_airport,Rome–Fiumicino Leonardo da Vinci International Airport,Rome,IT,IT-62,FCO,LIRF,41.804532,12.251998
4361,LIPQ,large_airport,Trieste Airport,Ronchi dei Legionari/Trieste,IT,IT-36,TRS,LIPQ,45.827862,13.466672
4374,LIRI,medium_airport,Salerno Costa d'Amalfi Airport,Salerno,IT,IT-72,QSR,LIRI,40.620399,14.9113
4345,LIML,large_airport,Milano Linate Airport,Segrate (MI),IT,IT-25,LIN,LIML,45.445099,9.27674
4324,LICT,medium_airport,Vincenzo Florio Airport Trapani-Birgi,Trapani (TP),IT,IT-82,TPS,LICT,37.9114,12.488
4355,LIPH,large_airport,Treviso Airport,Treviso (TV),IT,IT-34,TSF,LIPH,45.648399,12.1944
4368,LIPZ,large_airport,Venice Marco Polo Airport,Venezia (VE),IT,IT-34,VCE,LIPZ,45.505299,12.3519
2426,EGJJ,medium_airport,Jersey Airport,St. Peter,JE,JE-U-A,JER,EGJJ,49.207901,-2.19551
2760,EYKA,large_airport,Kaunas International Airport,Kaunas,LT,LT-KU,KUN,EYKA,54.963965,24.08582
2762,EYPA,large_airport,Palanga International Airport,Palanga,LT,LT-KL,PLQ,EYPA,55.973202,21.093901
2766,EYVI,large_airport,Vilnius International Airport,Vilnius,LT,LT-VL,VNO,EYVI,54.634102,25.285801
2563,ELLX,large_airport,Luxembourg-Findel International Airport,Luxembourg,LU,LU-L,LUX,ELLX,49.626845,6.212134
2758,EVRA,large_airport,Riga International Airport,Riga,LV,LV-062,RIX,EVRA,56.920752,23.970711
4571,LUKK,large_airport,Chişinău International Airport,Chişinău,MD,MD-CU,RMO,LUKK,46.92774,28.931704
4613,LYPG,large_airport,Podgorica Airport / Podgorica Golubovci Airbase,Podgorica,ME,ME-16,TGD,LYPG,42.359402,19.2519
4615,LYTV,medium_airport,Tivat Airport,Tivat,ME,ME-19,TIV,LYTV,42.404701,18.723301
4573,LWSK,large_airport,Skopje International Airport,Ilinden,MK,MK-008,SKP,LWSK,41.958087,21.622581
4572,LWOH,large_airport,Ohrid St. Paul the Apostle Airport,Ohrid,MK,MK-003,OHD,LWOH,41.18,20.7423
4427,LMML,large_airport,Malta International Airport,Valletta,MT,MT-25,MLA,LMML,35.845932,14.491546
2513,EHAM,large_airport,Amsterdam Airport Schiphol,Amsterdam,NL,NL-NH,AMS,EHAM,52.308601,4.76389
2518,EHEH,large_airport,Eindhoven Airport,Eindhoven,NL,NL-NB,EIN,EHEH,51.4500999451,5.37452983856
2519,EHGG,large_airport,Groningen Airport Eelde,Groningen,NL,NL-DR,GRQ,EHGG,53.119107,6.577652
2515,EHBK,large_airport,Maastricht Aachen Airport,Maastricht,NL,NL-LI,MST,EHBK,50.911087,5.769401
2524,EHRD,large_airport,Rotterdam The Hague Airport,Rotterdam,NL,NL-ZH,RTM,EHRD,51.956902,4.43722
2598,ENST,medium_airport,"Sandnessjøen Airport, Stokka",Alstahaug,NO,NO-18,SSJ,ENST,65.956802,12.4689
2566,ENAT,medium_airport,Alta Airport,Alta,NO,NO-56,ALF,ENAT,69.976097,23.3717
2565,ENAN,medium_airport,"Andøya Airport, Andenes",Andenes,NO,NO-18,ANX,ENAN,69.295193,16.139379
2570,ENBR,large_airport,"Bergen Airport, Flesland",Bergen,NO,NO-46,BGO,ENBR,60.2934,5.21814
29255,ENBV,medium_airport,Berlevåg Airport,Berlevåg,NO,NO-56,BVG,ENBV,70.871517,29.034097
2569,ENBO,large_airport,Bodø Airport,Bodø,NO,NO-18,BOO,ENBO,67.269203,14.3653
2568,ENBN,medium_airport,"Brønnøysund Airport, Brønnøy",Brønnøy,NO,NO-18,BNN,ENBN,65.461098,12.2175
2571,ENBS,medium_airport,Båtsfjord Airport,Båtsfjord,NO,NO-56,BJF,ENBS,70.60025,29.692612
2575,ENEV,large_airport,Harstad/Narvik Airport,Evenes,NO,NO-18,EVE,ENEV,68.491302,16.678101
2577,ENFL,medium_airport,Florø Airport,Florø,NO,NO-46,FRO,ENFL,61.583599090576,5.0247201919556
29282,ENSK,medium_airport,"Stokmarknes Airport, Skagen",Hadsel,NO,NO-18,SKN,ENSK,68.578827,15.033417
28115,ENHF,medium_airport,Hammerfest Airport,Hammerfest,NO,NO-56,HFT,ENHF,70.679703,23.6686
29261,ENHV,medium_airport,"Honningsvåg Airport, Valan",Honningsvåg,NO,NO-56,HVG,ENHV,71.009697,25.983601
2579,ENHD,medium_airport,"Haugesund Airport, Karmøy",Karmøy,NO,NO-11,HAU,ENHD,59.345299,5.20836
2583,ENKR,medium_airport,"Kirkenes Airport, Høybuktmoen",Kirkenes,NO,NO-56,KKN,ENKR,69.7258,29.8913
2572,ENCN,large_airport,Kristiansand Airport,Kristiansand(Kjevik),NO,NO-42,KRS,ENCN,58.204201,8.08537
2581,ENKB,medium_airport,"Kristiansund Airport, Kvernberget",Kvernberget,NO,NO-15,KSU,ENKB,63.111801,7.82452
2587,ENNA,medium_airport,"Lakselv Airport, Banak",Lakselv,NO,NO-56,LKL,ENNA,70.068802,24.973499
2595,ENSO,medium_airport,"Stord Airport, Sørstokken",Leirvik,NO,NO-46,SRP,ENSO,59.791901,5.34085
29264,ENLK,medium_airport,Leknes Airport,Leknes,NO,NO-18,LKN,ENLK,68.152496337891,13.609399795532
2593,ENSB,medium_airport,"Svalbard Airport, Longyear",Longyearbyen,NO,NO-21,LYR,ENSB,78.246101,15.4656
29265,ENMH,medium_airport,Mehamn Airport,Mehamn,NO,NO-56,MEH,ENMH,71.029701,27.8267
29277,ENRA,medium_airport,"Mo i Rana Airport, Røssvoll",Mo i Rana,NO,NO-18,MQN,ENRA,66.363899230957,14.301400184631
2586,ENMS,medium_airport,"Mosjøen Airport, Kjærstad",Mosjøen,NO,NO-18,MJF,ENMS,65.783997,13.2149
2574,ENDU,medium_airport,Bardufoss Airport,Målselv,NO,NO-55,BDU,ENDU,69.055801,18.5404
2578,ENGM,large_airport,Oslo-Gardermoen International Airport,Oslo (Gardermoen),NO,NO-32,OSL,ENGM,60.193901,11.1004
2591,ENRO,medium_airport,Røros Airport,Røros,NO,NO-50,RRS,ENRO,62.578399658203,11.342300415039
29278,ENRM,medium_airport,"Rørvik Airport, Ryum",Rørvik,NO,NO-50,RVK,ENRM,64.838302612305,11.14610004425
2600,ENTO,large_airport,"Sandefjord Airport, Torp",Sandefjord(Torp),NO,NO-39,TRF,ENTO,59.186699,10.2586
2602,ENZV,large_airport,"Stavanger Airport, Sola",Stavanger,NO,NO-11,SVG,ENZV,58.876701,5.63778
29281,ENSH,medium_airport,"Svolvær Airport, Helle",Svolvær,NO,NO-18,SVJ,ENSH,68.243301,14.6692
2596,ENSR,medium_airport,Sørkjosen Airport,Sørkjosen,NO,NO-55,SOJ,ENSR,69.786797,20.9594
2599,ENTC,large_airport,Tromsø Airport,Tromsø,NO,NO-55,TOS,ENTC,69.683296,18.9189
2601,ENVA,large_airport,"Trondheim Airport, Værnes",Trondheim,NO,NO-50,TRD,ENVA,63.457802,10.924
29284,ENVD,medium_airport,Vadsø Airport,Vadsø,NO,NO-56,VDS,ENVD,70.0653,29.8447
2597,ENSS,medium_airport,"Vardø Airport, Svartnes",Vardø,NO,NO-56,VAW,ENSS,70.3554,31.044901
2564,ENAL,large_airport,Ålesund Airport,Ålesund,NO,NO-15,AES,ENAL,62.560443,6.110845
2585,ENML,medium_airport,"Molde Airport, Årø",Årø,NO,NO-15,MOL,ENML,62.744701,7.2625
2589,ENOL,medium_airport,Ørland Airport,Ørland,NO,NO-50,OLA,ENOL,63.69889831542969,9.604000091552734
28114,ENOV,medium_airport,"Ørsta-Volda Airport, Hovden",Ørsta,NO,NO-15,HOV,ENOV,62.180000305176,6.0741000175476
2609,EPKK,large_airport,Kraków John Paul II International Airport,Balice,PL,PL-MA,KRK,EPKK,50.077702,19.7848
2604,EPBY,medium_airport,Ignacy Jan Paderewski Bydgoszcz Airport,Bydgoszcz,PL,PL-KP,BZG,EPBY,53.096802,17.977699
2608,EPGD,large_airport,Gdańsk Lech Wałęsa Airport,Gdańsk,PL,PL-PM,GDN,EPGD,54.377602,18.4662
2629,EPRZ,large_airport,Rzeszów-Jasionka Airport,Jasionka,PL,PL-PK,RZE,EPRZ,50.109791,22.024155
2613,EPKT,large_airport,Katowice Wojciech Korfanty International Airport,Katowice,PL,PL-SL,KTW,EPKT,50.476015,19.080705
309484,EPLB,large_airport,Lublin Airport,Lublin,PL,PL-LU,LUZ,EPLB,51.240157,22.713461
2639,EPZG,medium_airport,Zielona Góra-Babimost Airport,Nowe Kramsko,PL,PL-LB,IEG,EPZG,52.1385,15.7986
2622,EPMO,large_airport,Warsaw Modlin Airport,Nowy Dwór Mazowiecki,PL,PL-MZ,WMI,EPMO,52.451099,20.6518
2625,EPPO,large_airport,Poznań-Ławica Airport,Poznań,PL,PL-WP,POZ,EPPO,52.421598,16.823359
2628,EPRA,medium_airport,Warsaw Radom Airport,Radom,PL,PL-MZ,RDO,EPRA,51.38937,21.214742
2630,EPSC,large_airport,Solidarity Szczecin–Goleniów Airport,Szczecin(Glewice),PL,PL-ZP,SZZ,EPSC,53.584702,14.9022
2635,EPSY,medium_airport,Olsztyn-Mazury Airport,Szymany,PL,PL-WN,SZY,EPSY,53.481899,20.9377
2637,EPWA,large_airport,Warsaw Chopin Airport,Warsaw,PL,PL-MZ,WAW,EPWA,52.165699,20.9671
2638,EPWR,large_airport,Copernicus Wrocław Airport,Wrocław,PL,PL-DS,WRO,EPWR,51.103719,16.882096
2616,EPLL,large_airport,Łódź Władysław Reymont Airport,Łódź,PL,PL-LD,LCJ,EPLL,51.721901,19.3981
4440,LPBG,medium_airport,Bragança Airport,Bragança,PT,PT-04,BGC,LPBG,41.8578,-6.70713
4444,LPCS,medium_airport,Cascais Airport,Cascais,PT,PT-11,CAT,LPCS,38.724998,-9.35523
4448,LPFR,large_airport,Faro - Gago Coutinho International Airport,Faro,PT,PT-08,FAO,LPFR,37.015909,-7.970939
4452,LPMA,large_airport,Cristiano Ronaldo International Airport,Funchal,PT,PT-30,FNC,LPMA,32.697812,-16.774613
4450,LPHR,medium_airport,Horta Airport,Horta,PT,PT-20,HOR,LPHR,38.519901275634766,-28.715900421142575
4461,LPPT,large_airport,Lisbon Humberto Delgado Airport,Lisbon,PT,PT-11,LIS,LPPT,38.7813,-9.13592
4457,LPPI,medium_airport,Pico Airport,Pico Island,PT,PT-20,PIX,LPPI,38.554298,-28.441299
4456,LPPD,large_airport,João Paulo II Airport,Ponta Delgada,PT,PT-20,PDL,LPPD,37.7411994934,-25.6979007721
4458,LPPM,medium_airport,Portimão Airport,Portimão,PT,PT-08,PRM,LPPM,37.1493,-8.58396
4459,LPPR,large_airport,Francisco de Sá Carneiro Airport,Porto,PT,PT-13,OPO,LPPR,41.2481002808,-8.68138980865
4451,LPLA,medium_airport,Lajes Airport,Praia da Vitória,PT,PT-20,TER,LPLA,38.761799,-27.090799
4449,LPGR,medium_airport,Graciosa Airport,Santa Cruz da Graciosa,PT,PT-20,GRW,LPGR,39.09220123291016,-28.029800415039062
4447,LPFL,medium_airport,Flores Airport,Santa Cruz das Flores,PT,PT-20,FLW,LPFL,39.455299377441406,-31.13139915466309
4462,LPSJ,medium_airport,São Jorge Airport,Velas,PT,PT-20,SJZ,LPSJ,38.665501,-28.1758
4460,LPPS,medium_airport,Porto Santo Airport,Vila Baleira,PT,PT-30,PXO,LPPS,33.0733985901,-16.3500003815
4465,LPVR,medium_airport,Vila Real Airport,Vila Real,PT,PT-17,VRL,LPVR,41.2743,-7.72047
4439,LPAZ,medium_airport,Santa Maria Airport,Vila do Porto,PT,PT-20,SMA,LPAZ,36.97140121459961,-25.17060089111328
4466,LPVZ,medium_airport,Aerodromo Goncalves Lobato (Viseu Airport),Viseu,PT,PT-18,VSE,LPVZ,40.725498,-7.88899
4471,LRAR,medium_airport,Arad International Airport,Arad,RO,RO-AR,ARW,LRAR,46.176136,21.264322
4472,LRBC,large_airport,Bacău George Enescu International  Airport,Bacău,RO,RO-BC,BCM,LRBC,46.5219,26.910299
333670,LRBV,large_airport,Brașov-Ghimbav International Airport,Brașov (Ghimbav),RO,RO-BV,GHV,LRBV,45.70558,25.522871
4474,LRBS,large_airport,Bucharest Băneasa Aurel Vlaicu International Airport,Bucharest,RO,RO-B,BBU,LRBS,44.503133,26.102944
4476,LRCL,large_airport,Avram Iancu Cluj International Airport,Cluj-Napoca,RO,RO-CJ,CLJ,LRCL,46.786042,23.685733
4475,LRCK,large_airport,Mihail Kogălniceanu International Airport,Constanța,RO,RO-CT,CND,LRCK,44.362202,28.4883
4479,LRCV,large_airport,Craiova International Airport,Craiova,RO,RO-DJ,CRA,LRCV,44.3181,23.888599
4480,LRIA,large_airport,Iaşi International Airport,Iaşi,RO,RO-IS,IAS,LRIA,47.179633,27.621431
4481,LROD,large_airport,Oradea International Airport,Oradea,RO,RO-BH,OMR,LROD,47.025299,21.9025
4482,LROP,large_airport,Bucharest Henri Coandă International Airport,Otopeni,RO,RO-IF,OTP,LROP,44.571792,26.103285
4487,LRTM,medium_airport,Târgu Mureş Transilvania International Airport,Recea,RO,RO-MS,TGM,LRTM,46.467701,24.4125
4484,LRSM,medium_airport,Satu Mare International Airport,Satu Mare,RO,RO-SM,SUJ,LRSM,47.7033,22.8857
4483,LRSB,large_airport,Sibiu International Airport,Sibiu,RO,RO-SB,SBZ,LRSB,45.785841,24.086666
4485,LRSV,large_airport,Suceava Ștefan cel Mare International Airport,Suceava,RO,RO-SV,SCV,LRSV,47.6875,26.354099
4488,LRTR,large_airport,Timișoara Traian Vuia International Airport,Timişoara,RO,RO-TM,TSR,LRTR,45.809898,21.3379
4473,LRBM,medium_airport,Maramureș International Airport,Tăuții-Măgherăuș,RO,RO-MM,BAY,LRBM,47.658444,23.464445
4610,LYBE,large_airport,Belgrade Nikola Tesla Airport,Belgrade,RS,RS-00,BEG,LYBE,44.818401,20.309099
31872,LYKV,medium_airport,Morava Airport,Kraljevo,RS,RS-18,KVO,LYKV,43.817519,20.586662
4612,LYNI,large_airport,Niš Constantine the Great Airport,Niš,RS,RS-20,INI,LYNI,43.336538,21.856242
6488,ULAA,medium_airport,Talagi Airport,Archangelsk,RU,RU-ARK,ARH,ULAA,64.60030364990234,40.71670150756836
26398,UUOB,medium_airport,Belgorod International Airport,Belgorod,RU,RU-BEL,EGO,UUOB,50.643798828125,36.5900993347168
6516,URMO,medium_airport,Vladikavkaz Beslan International Airport,Beslan,RU,RU-SE,OGZ,URMO,43.205101,44.606602
26393,UUBP,medium_airport,Bryansk International Airport,Bryansk,RU,RU-BRY,BZK,UUBP,53.214403,34.175965
30819,ULWC,medium_airport,Cherepovets Airport,Cherepovets,RU,RU-VLG,CEE,ULWC,59.273601532,38.0158004761
6521,URWI,medium_airport,Elista Airport,Elista,RU,RU-KL,ESL,URWI,46.373901,44.330898
31522,URKG,medium_airport,Gelendzhik Airport,Gelendzhik,RU,RU-KDA,GDZ,URKG,44.5820926295,38.0124807358
31690,UUBI,medium_airport,Ivanovo South Airport,Ivanovo,RU,RU-IVA,IWA,UUBI,56.93939971923828,40.940799713134766
6498,UMKK,large_airport,Khrabrovo Airport,Kaliningrad,RU,RU-KGD,KGD,UMKK,54.89161,20.598559
42945,USKK,medium_airport,Pobedilovo Airport,Kirov,RU,RU-KIR,KVX,USKK,58.503883,49.347831
31761,UUBA,medium_airport,Kostroma Sokerkino Airport,Kostroma,RU,RU-KOS,KMW,UUBA,57.796902,41.019402
31780,ULKK,medium_airport,Kotlas Airport,Kotlas,RU,RU-ARK,KSZ,ULKK,61.235801696777344,46.6974983215332
6512,URKK,large_airport,Krasnodar Pashkovsky International Airport,Krasnodar,RU,RU-KDA,KRR,URKK,45.034465,39.174215
6511,URKA,medium_airport,Anapa Vityazevo Airport,Krasnyi Kurgan,RU,RU-KDA,AAQ,URKA,45.002102,37.347301
26399,UUOK,medium_airport,Kursk East Airport,Kursk,RU,RU-KRS,URS,UUOK,51.7505989074707,36.29560089111328
31846,UUOL,medium_airport,Lipetsk Airport,Lipetsk,RU,RU-LIP,LPK,UUOL,52.70280075073242,39.53779983520508
6514,URMM,large_airport,Mineralnye Vody Airport,Mineralnyye Vody,RU,RU-STA,MRV,URMM,44.225101,43.081902
26394,UUDD,large_airport,Domodedovo International Airport,Moscow,RU,RU-MOS,DME,UUDD,55.408798,37.9063
26396,UUEE,large_airport,Sheremetyevo International Airport,Moscow,RU,RU-MOS,SVO,UUEE,55.976858,37.41121
26401,UUWW,large_airport,Vnukovo International Airport,Moscow,RU,RU-MOW,VKO,UUWW,55.591499,37.261501
42967,UUBW,large_airport,Zhukovsky International Airport,Moscow,RU,RU-MOS,ZIA,UUBW,55.553299,38.150002
6490,ULMM,large_airport,Emperor Nicholas II Murmansk Airport,Murmansk,RU,RU-MUR,MMK,ULMM,68.7817,32.750801
6515,URMN,medium_airport,Nalchik Airport,Nalchik,RU,RU-KB,NAL,URMN,43.512901,43.6366
32040,ULAM,medium_airport,Naryan Mar Airport,Naryan Mar,RU,RU-NEN,NNM,ULAM,67.639999,53.121899
26403,UWGG,large_airport,Nizhny Novgorod / Strigino International Airport,Nizhny Novgorod,RU,RU-NIZ,GOJ,UWGG,56.227351,43.785152
6507,UNNT,large_airport,Novosibirsk Tolmachevo Airport,Novosibirsk,RU,RU-NVS,OVB,UNNT,55.019756,82.618675
42944,USHN,medium_airport,Nyagan Airport,Nyagan,RU,RU-KHM,NYA,USHN,62.110001,65.614998
32154,UUYP,medium_airport,Pechora Airport,Pechora,RU,RU-KO,PEX,UUYP,65.121101,57.130798
6492,ULPB,medium_airport,Petrozavodsk Airport,Petrozavodsk,RU,RU-KR,PES,ULPB,61.885201,34.154701
6491,ULOO,medium_airport,Princess Olga Pskov International Airport,Pskov,RU,RU-PSK,PKV,ULOO,57.781316,28.39384
326363,URRP,large_airport,Platov International Airport,Rostov-on-Don,RU,RU-ROS,ROV,URRP,47.493888,39.924722
32241,UUBK,medium_airport,Staroselye Airport,Rybinsk,RU,RU-YAR,RYB,UUBK,58.104198,38.929401
26412,UWWW,large_airport,Kurumoch International Airport,Samara,RU,RU-SAM,KUF,UWWW,53.504902,50.164299
42965,UWPS,large_airport,Saransk International Airport,Saransk,RU,RU-MO,SKX,UWPS,54.12513,45.212257
44870,UERS,medium_airport,Saskylakh Airport,Saskylakh,RU,RU-SA,SYS,UERS,71.927902,114.080002
6519,URSS,large_airport,Sochi International Airport,Sochi,RU,RU-KDA,AER,URSS,43.449902,39.9566
6489,ULLI,large_airport,Pulkovo Airport,St. Petersburg,RU,RU-SPE,LED,ULLI,59.800301,30.262501
6517,URMT,medium_airport,Stavropol Shpakovskoye Airport,Stavropol,RU,RU-STA,STW,URMT,45.10919952392578,42.11280059814453
26402,UUYY,medium_airport,Syktyvkar Airport,Syktyvkar,RU,RU-KO,SCW,UUYY,61.64699935913086,50.84510040283203
44865,URRT,medium_airport,Taganrog Yuzhny Airport,Taganrog,RU,RU-ROS,TGK,URRT,47.1983333,38.8491667
26395,UUDL,large_airport,Golden Ring Yaroslavl International Airport,Tunoshna,RU,RU-YAR,IAR,UUDL,57.560699,40.157398
26411,UWUU,large_airport,Ufa International Airport,Ufa,RU,RU-BA,UFA,UWUU,54.557498931885,55.874401092529
35104,UWLL,medium_airport,Ulyanovsk Baratayevka Airport,Ulyanovsk,RU,RU-ULY,ULV,UWLL,54.27016,48.225569
6522,URWW,large_airport,Volgograd International Airport,Volgograd,RU,RU-VGG,VOG,URWW,48.78134,44.339194
26400,UUOO,medium_airport,Voronezh International Airport,Voronezh,RU,RU-VOR,VOZ,UUOO,51.814324,39.230948
43692,USHQ,medium_airport,Beloyarskiy Airport,,RU,RU-KHM,EYK,USHQ,63.686901,66.698601
2691,ESNX,medium_airport,Arvidsjaur Airport,Arvidsjaur,SE,SE-BD,AJR,ESNX,65.59030151367188,19.28190040588379
2703,ESSD,medium_airport,Dala Airport,Borlange,SE,SE-W,BLE,ESSD,60.422001,15.5152
2676,ESNG,medium_airport,Gällivare Airport,Gällivare,SE,SE-BD,GEV,ESNG,67.13240051269531,20.814599990844727
2648,ESGG,large_airport,Göteborg Landvetter Airport,Göteborg,SE,SE-Q,GOT,ESGG,57.6628,12.2798
2670,ESMT,medium_airport,Halmstad Airport,Halmstad,SE,SE-N,HAD,ESMT,56.69110107421875,12.820199966430664
2649,ESGJ,medium_airport,Jönköping Airport,Jönköping,SE,SE-F,JKG,ESGJ,57.757598876953125,14.068699836730955
2668,ESMQ,medium_airport,Kalmar Airport,Kalmar,SE,SE-H,KLR,ESMQ,56.685501,16.2876
2695,ESOK,medium_airport,Karlstad Airport,Karlstad,SE,SE-S,KSD,ESOK,59.444698,13.3374
2685,ESNQ,large_airport,Kiruna Airport,Kiruna,SE,SE-BD,KRN,ESNQ,67.821999,20.3368
2706,ESSL,large_airport,Linköping City Airport,Linköping,SE,SE-E,LPI,ESSL,58.404909,15.684499
2697,ESPA,large_airport,Luleå Airport,Luleå,SE,SE-BD,LLA,ESPA,65.5438,22.122
2680,ESNL,medium_airport,Lycksele Airport,Lycksele,SE,SE-AC,LYC,ESNL,64.548302,18.7162
2669,ESMS,large_airport,Malmö Sturup Airport,Malmö,SE,SE-M,MMX,ESMS,55.535564,13.376327
316498,ESKS,large_airport,Scandinavian Mountains Airport,Malung-Sälen,SE,SE-W,SCR,ESKS,61.16508,12.83352
2659,ESKM,medium_airport,Mora Airport,Mora,SE,SE-W,MXX,ESKM,60.957901,14.5114
2707,ESSP,medium_airport,Norrköping Airport,Norrköping,SE,SE-E,NRK,ESSP,58.586299896240234,16.250600814819336
2660,ESKN,large_airport,Stockholm Skavsta Airport,Nyköping,SE,SE-D,NYO,ESKN,58.789656,16.911479
2679,ESNK,medium_airport,Kramfors-Sollefteå Höga Kusten Airport,Nyland,SE,SE-Y,KRF,ESNK,63.048599,17.7689
2646,ESDF,medium_airport,Ronneby Airport,Ronneby,SE,SE-K,RNB,ESDF,56.266701,15.265
2687,ESNS,medium_airport,Skellefteå Airport,Skellefteå,SE,SE-AC,SFT,ESNS,64.62480163574219,21.076900482177734
2701,ESSA,large_airport,Stockholm-Arlanda Airport,Stockholm,SE,SE-AB,ARN,ESSA,59.64849,17.928829
2702,ESSB,medium_airport,Stockholm-Bromma Airport,Stockholm,SE,SE-AB,BMA,ESSB,59.354401,17.9417
2696,ESOW,large_airport,Stockholm Västerås Airport,Stockholm / Västerås,SE,SE-U,VST,ESOW,59.589401,16.6336
2682,ESNN,medium_airport,Sundsvall-Härnösand Airport,Sundsvall/ Härnösand,SE,SE-Y,SDL,ESNN,62.528099060058594,17.443899154663086
2708,ESST,medium_airport,Torsby Airport,Torsby,SE,SE-S,TYF,ESST,60.1576,12.9913
2654,ESGT,medium_airport,Trollhättan-Vänersborg Airport,Trollhättan,SE,SE-Q,THN,ESGT,58.31809997558594,12.345000267028809
2689,ESNU,large_airport,Umeå Airport,Umeå,SE,SE-AC,UME,ESNU,63.791801,20.282801
2690,ESNV,medium_airport,Vilhelmina South Lapland Airport,Vilhelmina,SE,SE-AC,VHM,ESNV,64.579102,16.833599
2710,ESSV,large_airport,Visby Airport,Visby,SE,SE-I,VBY,ESSV,57.6628,18.346201
2672,ESMX,medium_airport,Växjö Kronoberg Airport,Växjö,SE,SE-G,VXO,ESMX,56.929100036621094,14.727999687194824
2711,ESTA,medium_airport,Ängelholm-Helsingborg Airport,Ängelholm,SE,SE-M,AGH,ESTA,56.29610061645508,12.847100257873535
2693,ESOE,medium_airport,Örebro Airport,Örebro,SE,SE-T,ORB,ESOE,59.22370147705078,15.038000106811523
2683,ESNO,medium_airport,Örnsköldsvik Airport,Örnsköldsvik,SE,SE-Y,OER,ESNO,63.40829849243164,18.989999771118164
29358,ESNZ,medium_airport,Åre Östersund Airport,Östersund,SE,SE-Z,OSD,ESNZ,63.193546,14.504168
4387,LJMB,medium_airport,Maribor Edvard Rusjan Airport,Maribor,SI,SI-160,MBX,LJMB,46.4799,15.6861
4386,LJLJ,large_airport,Ljubljana Jože Pučnik Airport,Zgornji Brnik,SI,SI-012,LJU,LJLJ,46.223701,14.4576
4617,LZIB,large_airport,M. R. Štefánik Airport,Bratislava,SK,SK-BL,BTS,LZIB,48.1702,17.2127
4618,LZKZ,medium_airport,Košice International Airport,Košice,SK,SK-KI,KSC,LZKZ,48.663101,21.2411
4623,LZTT,medium_airport,Poprad-Tatry Airport,Poprad,SK,SK-PV,TAT,LZTT,49.070994,20.241394
4621,LZSL,medium_airport,Sliač Airport,Sliač,SK,SK-BC,SLD,LZSL,48.63779830932617,19.13409996032715
317457,LTFM,large_airport,İstanbul Airport,Istanbul,TR,TR-34,IST,LTFM,41.274874,28.732136
4544,LTBU,medium_airport,Tekirdağ Çorlu Airport,Çorlu,TR,TR-59,TEQ,LTBU,41.138199,27.9191
6482,UKLN,medium_airport,Chernivtsi International Airport,Chernivtsi,UA,UA-77,CWC,UKLN,48.259300231933594,25.98080062866211
6471,UKDD,medium_airport,Dnipro International Airport,Dnipro,UA,UA-12,DNK,UKDD,48.357201,35.100601
6480,UKLI,medium_airport,Ivano-Frankivsk International Airport,Ivano-Frankivsk,UA,UA-26,IFO,UKLI,48.88420104980469,24.686100006103516
32534,UKOH,medium_airport,Kherson International Airport,Kherson,UA,UA-65,KHE,UKOH,46.6758,32.506401
6473,UKDR,medium_airport,Kryvyi Rih International Airport,Kryvyi Rih,UA,UA-12,KWG,UKDR,48.04330062866211,33.209999084472656
6481,UKLL,large_airport,Lviv International Airport,Lviv,UA,UA-46,LWO,UKLL,49.8125,23.9561
6469,UKCM,medium_airport,Mariupol International Airport,Mariupol,UA,UA-14,MPW,UKCM,47.07609939575195,37.44960021972656
6483,UKLR,medium_airport,Rivne International Airport,Rivne,UA,UA-19,RWN,UKLR,50.60710144042969,26.141599655151367
6474,UKFF,large_airport,Simferopol International Airport,Simferopol,UA,UA-43,SIP,UKFF,45.0522,33.975101
6485,UKLU,large_airport,Uzhhorod International Airport,Uzhhorod,UA,UA-21,UDJ,UKLU,48.6343,22.263399
4614,BKPR,large_airport,Priština Adem Jashari International Airport,Prishtina,XK,XK-01,PRN,BKPR,42.5728,21.035801
